GEOID20,District
34033020001,6
34033001501,6
34033042009,6
34033000703,6
34033042001,4
34033007001,4
34033030001,6
34033004204,6
34033004206,6
34033004208,6
34033042007,6
34033005002,6
34033070001,6
34033004205,6
34033060E01,6
3403360W001,6
3403360W002,6
34033060E02,6
34033004203,6
34033004202,6
34011ZZZZZZ,6
34011025003,6
34033020002,6
34011060001,6
34011030001,6
34033000702,6
34029025417,8
34029025422,8
34029025415,8
34029060010,8
34029060009,8
34029055014,8
34029055004,8
34029055003,8
34029055001,8
34029055011,8
34029090009,6
34029090040,6
34037120001,11
34005195001,6
34005150012,6
34005150011,6
34005150001,2
34005150014,6
34005150009,6
34005150013,6
34005135002,2
34005135003,2
34005170003,6
34005170006,6
34005170004,6
34005180004,6
34005180001,6
34005170005,6
34021035007,2
34021035004,2
34021030008,2
34021030005,1
34021050004,2
34005180005,6
34005180002,6
34005180003,6
34005170002,6
34005090007,6
34005950009,6
34005090006,6
34005090008,6
34005090003,6
34005105014,6
34005105012,6
34005110001,6
34005110002,6
34029025116,8
34029060013,8
34029060014,8
34029025139,8
34029025102,8
34005110003,6
34005110004,6
34029025104,8
34029060012,8
34029060004,8
34029060006,8
34029060005,8
34029060018,8
34029025332,6
34005105010,6
34005105004,6
34005105013,6
34005025301,2
34005025101,1
34005025302,2
34005105007,6
34005105011,6
34005105003,6
34029060002,8
34005065024,6
34005065008,6
34005065030,6
34005065028,6
34005065019,6
34005065017,6
34005065027,6
34005065029,6
34005065032,6
34005065018,6
34005065015,4
34005065011,6
34005125026,6
34005065020,6
34005065031,6
34005065010,6
34007170006,6
34005065026,4
34005065016,6
34007043034,4
34007170013,4
34007170014,6
34005065002,4
34007043033,4
34005065004,4
34005065014,4
34005065001,4
34005065003,4
34007170015,6
34007170008,4
34007043036,4
34007043046,4
34007170003,6
34007170007,4
34007043047,4
34041070001,5
34041055002,7
34041055001,7
34007170019,4
34007170017,4
34025090004,10
34025140003,10
34025047005,10
34025090009,10
34029060003,8
34007170005,4
34007170002,4
34007170012,4
34007043029,4
34007043030,4
34007170001,4
34007043005,4
34007170018,4
34007043035,4
34007043002,4
34007043014,4
34007170004,4
34007155001,4
34007105002,4
34007105001,4
34007015005,4
34007015002,4
34007165001,4
34007085004,4
34007155003,4
34007115001,4
34007115002,4
34007155002,4
34007135018,2
34007135014,1
34007135003,2
34007135009,1
34007115003,4
34007075009,2
34007115004,4
34007150005,4
34007015004,4
34007015003,4
34007015001,4
34007090003,4
34007090002,4
34007020001,4
34007020007,4
34007075021,4
34007130001,2
34007055001,2
34007150003,4
34007150001,4
34007150004,4
34007150002,4
34007020002,2
34007125003,2
34007150006,2
34015010004,2
34007020004,2
34007020003,2
34007040404,2
34007040405,2
34007040402,2
34015010019,1
34015105001,2
34007035001,2
34015010020,2
34015010017,1
34015100003,2
34015010007,2
34015105003,1
34015010015,2
34015100002,2
34015105002,1
34015110103,2
34015110102,2
34029060016,8
34015110101,2
34015100010,2
34015100009,2
34029025320,8
34029025206,8
34015060002,2
34015100015,2
34015100008,2
34015100005,2
34015060003,2
34015100007,2
34015060004,2
34015060001,2
34015100001,2
34015100016,2
34015070005,4
34029005001,8
34029102002,8
34029025000,8
34029ZZZZZZ,6
34029060008,8
34029060015,8
34029085003,8
34029060007,8
34029060017,8
34029060011,8
34029102001,8
34029102005,8
34029102006,8
34029102004,8
34029150018,8
34029003002,8
34029003004,8
34029003006,8
34029003007,8
34029003012,8
34029003008,8
34029003005,8
34029160002,6
34029160001,6
34029080005,6
34029080001,6
34029080011,4
34029150005,6
34001010501,6
34001010502,6
34001010404,6
34001010302,6
34001010401,6
34005185001,6
34005005001,6
34001042103,6
34005165004,6
34005165002,6
34001045001,4
34001040004,2
34005165001,6
34005165003,6
34007175006,6
34007175004,6
34001065003,6
34005105016,6
34001050001,6
34001065002,6
34001065001,6
34007175003,6
34007175007,6
34007180202,6
34007180105,6
34007180104,6
34007045001,6
34007180106,6
34007170016,6
34007170011,6
34007170009,4
34007030003,6
34007030001,4
34007170010,6
34007025002,6
34007025004,6
34007110009,6
34007065002,4
34007065001,4
34009ZZZZZZ,6
34009015001,6
34015035002,4
34015035001,4
34015120002,4
34015080002,4
34007110004,4
34007050003,6
34007110007,4
34007110003,4
34007160001,4
34007160003,4
34007140001,4
34007095001,4
34007160006,4
34007160004,4
34007155004,4
34007110008,4
34007110001,4
34007160002,4
34007075026,4
34007075011,4
34007075015,4
34007075012,4
34007075025,4
34007075016,4
34007075024,4
34007075003,4
34015035005,4
34015070002,4
34015035004,4
34015070001,4
34007075001,2
34015070003,4
34015070004,4
34007075022,2
34011040001,6
34007075002,2
34007075006,2
34015090008,4
34007075013,2
34015010008,2
34007075004,4
34015010021,2
34033070002,4
34015025005,4
34015025007,2
34033050001,4
34015010018,2
34015010006,2
34015010002,2
34015010010,2
34015010016,4
34015010022,4
34015010009,2
34015110201,2
34015110203,2
34015110202,2
34015110302,2
34015110204,2
34015110304,2
34015110303,2
34015110301,2
34015040004,4
34015040002,4
34015050001,4
34015050010,4
34015075007,4
34015075004,4
34015050006,4
34015100006,2
34015100013,2
34015100017,4
34015100011,2
34015100014,2
34015050012,4
34015050008,4
34015015001,4
34029080002,4
34001010603,6
34001010601,6
34001010602,6
34001110005,6
34001010402,6
34001010403,6
34001010301,6
34001095201,6
34001095104,6
34001095103,6
34001055015,6
34001005101,6
34001055014,6
34001055001,6
34001055009,6
34001100201,4
34001055008,4
34001055007,6
34001100101,4
34001055002,6
34001085201,6
34001085301,6
34001010303,6
34001010203,6
34001010202,6
34001015401,6
34001015301,6
34001ZZZZZZ,6
34001010104,6
34001015101,6
34029080008,6
34029080014,4
34029085002,8
34009050002,6
34009050001,6
34029080007,6
34029080013,4
34029040001,6
34001025003,6
34001105204,6
34001105102,6
34001105103,6
34001040005,6
34001040001,2
34011020002,6
34011020001,6
34011010001,6
34001040006,2
34001105104,6
34011070608,2
34011050104,4
34011070602,2
34011070607,4
34011070609,4
34011015001,6
34033050004,4
34011070205,4
34011045002,4
34009030007,6
34009030015,6
34009020006,4
34009030001,6
34009020007,6
34001070201,6
34011045001,2
34001040002,2
34001105201,6
34001105203,6
34001040018,2
34001055004,4
34001070202,6
34009020003,4
34009055001,4
34001070102,6
34001070101,6
34001070203,6
34009030009,4
34009030004,4
34009030005,6
34009030006,4
34009030017,6
34009055008,2
34001030101,2
34009055012,4
34009005001,4
34009045004,4
34009055006,2
34009055002,2
34009055007,2
34009040401,6
34001105101,6
34009040403,6
34009040402,6
34011070606,4
34011070604,4
34011070601,4
34011070610,4
34001090204,6
34001095204,6
34001075001,6
34001080004,6
34009040201,6
34009040204,6
34009040203,6
34001105202,6
34011070406,6
34011070407,4
34011070102,4
34015025004,4
34001020001,6
34011070605,6
34011070103,2
34011070101,4
34001080003,6
34001090101,6
34001090102,6
34015025009,6
34001080002,6
34001080001,6
34001110003,6
34001060011,4
34001060007,2
34001060013,6
34011010002,4
34009040102,6
34009040202,6
34009040104,6
34009040103,6
34009040101,6
34007180304,6
34007180405,6
34007180403,6
34007180201,6
34011035003,6
34033050003,2
34033050002,4
34011010003,4
34011050506,4
34011050503,4
34011050501,4
34007075035,4
34007075018,4
34007075036,4
34007075031,4
34007075019,4
34007075030,4
34007075020,4
34007180306,6
34007180401,6
34007075034,4
34007140005,4
34007140003,4
34007075017,4
34007075014,4
34007075023,4
34015055213,6
34015055415,6
34015055203,6
34015055201,6
34015055209,6
34007180402,6
34007180301,6
34011010004,4
34011025001,6
34015055319,6
34015055302,6
34015055216,6
34015055312,6
34015055214,6
34011025002,6
34011065003,6
34011025004,6
34015055318,6
34001025001,4
34001060003,4
34001025002,4
34015025010,4
34015055404,6
34015055405,6
34015025006,4
34007140002,4
34007050001,4
34001020002,6
34011050102,4
34011050101,6
34007145001,4
34007050002,4
34001115001,2
34001060005,4
34001085101,6
34015055411,6
34015055425,6
34015055408,6
34015055421,6
34007180102,6
34007180103,6
34007180305,6
34007180303,6
34007180205,6
34007025001,4
34007180203,6
34007175002,6
34007110005,4
34011050103,6
34007110002,4
34007100002,4
34007100001,4
34033000501,6
34033045001,6
34033000704,4
34011035001,6
34011065001,4
34011065004,6
34015015006,4
34015040008,4
34015120003,4
34015045001,4
34015080003,4
34015120008,4
34033035002,4
34015120007,4
34015045003,4
34015025003,6
34015025011,4
34015025002,4
34011055001,6
34011005301,6
34033055002,6
34033005501,6
34033045003,6
34033075002,6
34011005201,6
34011005302,6
34011005101,6
34011035002,6
34011005305,6
34011005304,6
34011005303,6
34033045002,4
34015080001,4
34015120001,4
34011050504,6
34011050505,4
34015100004,4
34015050009,4
34015050007,4
34015050011,4
34011005401,6
34011005402,6
34011005501,6
34015040007,4
34015040009,4
34033050005,4
34033050006,4
34015030004,4
34015040006,4
34015040005,4
34015040003,4
34015040001,4
34011065002,4
34015020002,4
34033010001,4
34015020003,4
34011005202,6
34011005203,6
34015065001,4
34015005004,2
34015025008,4
34015025001,2
34011070206,4
34015015005,4
34015035006,4
34015120006,4
34015120004,4
34015085001,4
34015085002,4
34015045004,4
34015120005,4
34033075001,4
34015045002,4
34033035001,4
34033004003,4
34033004002,4
34033040001,4
34033000705,4
34015035003,4
34011050303,4
34011050302,4
34011050502,6
34011070401,4
34011070402,2
34011070303,4
34011070302,4
34011070506,4
34011070505,2
34011070504,4
34011070503,2
34011070204,4
34011070202,4
34011070301,4
34011070106,2
34011070201,4
34011070104,4
34011070203,4
34011050202,6
34011050402,4
34011050403,4
34011050401,6
34011070603,2
34011050301,6
34011050201,6
34011070403,2
34011070105,2
34011070501,2
34011070502,4
34011070404,6
34011070405,4
34015050005,4
34015050003,4
34015090001,4
34015090002,2
34015030013,4
34015030001,4
34015030007,4
34015075005,4
34015075003,4
34015030008,4
34015020004,4
34015020001,4
34015005003,4
34015005001,4
34015030011,4
34015005005,2
34015030002,4
34015030005,4
34015075006,4
34015075001,4
34015030009,4
34015005002,2
34015030003,2
34007180404,6
34015005006,4
34015030010,2
34015030012,2
34015090004,4
34015090005,4
34015050002,4
34015055122,4
34015055123,4
34015090037,4
34015090038,4
34015090039,4
34015055326,6
34015055306,6
34015055107,6
34015055117,4
34015010014,2
34015010005,2
34015055120,6
34015055124,6
34015090034,2
34015090018,4
34015090029,4
34015090003,2
34015090028,4
34015090036,4
34015090016,2
34015090017,2
34015090009,2
34015090010,4
34015090027,4
34015090026,4
34015090025,4
34015090024,4
34015090023,4
34015090012,4
34007075039,4
34007075008,4
34015090006,2
34015010001,2
34015010003,2
34015090035,4
34015090033,4
34015090031,4
34015090032,4
34015030006,4
34015075002,4
34015115002,2
34015115001,2
34015100012,2
34015115004,2
34015010011,4
34015100018,4
34015010013,4
34015100019,2
34015095002,4
34015050004,4
34015095001,2
34015010012,4
34015115003,2
34015095003,4
34015055210,6
34015090030,4
34015090022,4
34007110006,4
34007075028,4
34007075040,4
34007075037,4
34007075038,4
34007140004,4
34007075029,4
34015090007,2
34007075007,4
34007075005,4
34007075010,2
34007075027,4
34007075033,4
34007140006,4
34015090015,4
34015090013,4
34015090011,4
34015090020,4
34015090014,2
34015090021,4
34015090019,4
34007075032,4
34007160005,4
34009045001,4
34009055015,6
34009055011,6
34009055010,4
34009055005,6
34009020002,4
34009045003,4
34009030012,4
34009030008,4
34009005003,4
34009005002,4
34009030011,6
34009030010,4
34009010005,6
34009010004,6
34009055014,6
34009055003,6
34009055004,6
34009030018,4
34009020004,6
34009020001,6
34009030003,4
34009030002,4
34009055009,6
34009025108,6
34009025102,6
34009055013,6
34009020008,4
34009080002,4
34009080001,6
34009035102,6
34009035101,4
34009030016,4
34009020005,4
34009035204,4
34009035203,4
34009075004,6
34009075005,6
34009075002,6
34009075001,6
34009025302,6
34009030014,6
34009030013,4
34009075003,6
34009025301,6
34009025107,6
34009035202,4
34009035201,4
34009140004,6
34009140003,6
34009065001,4
34009140002,6
34009025204,6
34009025203,6
34009010003,6
34009060001,6
34009010001,6
34009010002,6
34009025306,6
34009025309,6
34009025307,6
34009025308,6
34009025202,6
34009025206,6
34009025210,6
34009025104,6
34009025106,6
34009025304,6
34009025305,6
34009025207,6
34009025101,6
34009025303,6
34009025201,6
34009025209,6
34009025208,6
34009025109,6
34009025105,6
34009060002,6
34009025205,6
34009025103,6
34009140005,6
34009140001,6
34009035104,4
34009035103,6
34009040105,6
34009040302,6
34009040303,6
34009040304,6
34009040205,6
34009045002,4
34009040405,6
34009040305,6
34009040404,6
34009040301,6
34001042203,6
34001065004,6
34001042102,6
34001060008,4
34001115002,2
34001060001,4
34001060012,4
34001060002,4
34001060006,4
34001060009,4
34001040010,6
34007180204,6
34001025004,6
34007180101,6
34001065005,6
34001065006,6
34001055003,4
34007175005,6
34007175001,6
34001065007,6
34007025005,6
34007180302,6
34007175008,6
34007030002,6
34005065022,6
34007025003,6
34001040012,6
34001060010,4
34001055010,6
34001055011,4
34001055017,4
34001055006,4
34001055012,4
34001040011,4
34001040019,6
34001040009,4
34001040020,4
34001040015,6
34001055013,4
34001040017,6
34001040022,2
34001040021,6
34001042201,6
34001055016,6
34001055005,6
34001040016,6
34001040003,2
34001005202,6
34001005203,4
34001090202,6
34001040014,4
34001095102,6
34001095101,6
34001090203,4
34001040008,4
34001005102,6
34001095203,6
34001095202,6
34001040013,6
34001005103,4
34001005201,6
34001040007,6
34001042101,6
34001042202,6
34001060004,4
34001090104,6
34001110002,6
34001090103,6
34001110004,6
34001090201,6
34001110001,6
34001010604,6
34029003001,8
34029003011,8
34029150001,8
34029102003,8
34029080004,4
34029080006,4
34029080010,4
34029150015,8
34029080012,4
34029080016,6
34029080009,4
34029085001,8
34029140001,8
34029150002,8
34029155001,8
34029150003,8
34029045001,8
34029080015,4
34029015001,8
34029150014,8
34029080003,4
34001015201,6
34001010101,6
34001010103,6
34001010201,6
34001010102,6
34001010304,6
34029003013,8
34029150009,8
34029150019,8
34029003009,8
34029150007,8
34029150010,8
34029150008,8
34029150020,8
34029150004,8
34029150013,8
34029003010,8
34029150021,8
34029150016,8
34029150017,8
34029150012,8
34029150006,8
34029003003,8
34029150011,8
34029003015,8
34029003014,8
34027045201,1
34027195004,1
34027045101,1
34027195003,1
34027045203,1
34005150005,6
34005150004,6
34005150003,6
34029115002,6
34027065002,12
34027025001,5
34027095004,5
34027095003,3
34027082006,5
34027065003,12
34027082005,11
34039005003,11
34039005010,11
34039005004,5
34039005002,5
34027082004,12
34035100009,12
34035105004,11
34035105001,11
34035105002,11
34035100008,12
34039005005,11
34027082003,12
34027100002,1
34027100003,1
34027195005,1
34035100001,3
34035100010,5
34035010020,3
34035010018,3
34035010014,1
34035010013,1
34027045102,1
34027045103,1
34027160005,1
34027160007,1
34027160006,1
34027045303,1
34027045202,1
34027045302,1
34027045403,1
34027045401,1
34027045301,1
34027045402,1
34027175103,1
34027160016,1
34027160002,3
34027175102,1
34027185001,1
34027175101,1
34027175104,1
34027170005,1
34027040301,1
34027040403,1
34027170003,1
34027040203,1
34027065001,12
34027110012,12
34027110021,5
34027110015,12
34027160010,1
34027160011,1
34027180201,1
34027100001,1
34029115005,6
34027110010,5
34027110009,5
34027110007,5
34027110008,3
34027120404,3
34027120102,3
34027120101,3
34027110006,3
34027120104,5
34027120201,5
34027110004,1
34027110003,3
34027060001,1
34027060008,1
34027060002,1
34027060003,1
34027110023,3
34027145001,1
34027040401,1
34027145002,1
34027145039,1
34027145004,1
34027040402,1
34027170004,1
34027040202,1
34027040302,1
34027040303,1
34027115001,1
34027115004,1
34027115006,1
34027115002,1
34027145006,1
34027145009,1
34027145037,1
34027145012,1
34027145010,1
34027145005,1
34027145008,1
34027145007,1
34027125005,1
34027040101,1
34027125001,1
34041065001,7
34041045001,7
34041065002,7
34041020003,7
34041020002,7
34041020004,7
34041020005,7
34025160004,6
34025205001,6
34025160003,6
34027180205,1
34027180202,1
34041020001,7
34037115001,7
34041030002,7
34041060001,7
34041030001,7
34041005004,9
34041005001,7
34041005002,7
34029115003,6
34029115006,8
34029115004,8
34029055024,6
34005095001,1
34005095002,1
34005020001,5
34027180204,1
34027013004,1
34037100002,7
34037100001,7
34037050002,7
34041005003,7
34037040002,7
34027135017,7
34027135020,7
34037040003,7
34037040004,7
34037035002,7
34037010006,9
34037020002,7
34037040001,9
34037020001,7
34027140001,5
34037095001,5
34037095002,3
34027140002,1
34037095003,3
34037020005,5
34027180101,1
34027180105,3
34037020004,5
34037060012,1
34037060006,1
34027180104,1
34027180102,1
34027180103,1
34037090002,3
34037090005,3
34037090014,3
34027130003,3
34027130002,3
34027130001,1
34037060004,1
34027070002,1
34027070003,1
34027070001,3
34027195002,3
34027175301,5
34037030002,7
34037030003,7
34037055007,7
34037055006,7
34037055005,7
34037045001,7
34027195001,1
34027175202,3
34027175201,1
34027175203,1
34027175304,3
34027175303,3
34027175302,3
34027170002,1
34027175204,1
34027070009,5
34027070010,5
34027170001,1
34027175403,1
34027175503,1
34027175501,3
34027175502,1
34027040201,1
34027180203,1
34027095002,1
34027035003,1
34027035004,1
34027040103,1
34027175504,1
34027180301,1
34027180304,1
34027180302,1
34027175601,3
34027175602,5
34027040102,1
34027135015,5
34027135008,3
34027180306,3
34027180305,1
34035000006,11
34035070005,11
34035070008,11
34035005002,1
34035025008,1
34027010003,3
34027175604,5
34027175603,7
34027070011,7
34031075001,9
34027070013,7
34037055004,7
34037110009,9
34037110012,9
34037110007,9
34037025004,7
34037025003,7
34003305012,11
34003305008,9
34003080004,11
34003040003,9
34003040002,9
34003305011,9
34003305010,9
34039060402,11
34035070015,11
34039060403,11
34035070013,11
34035070011,11
34035070006,11
34023085101,11
34035045001,11
34035045002,11
34003045003,9
34003045002,9
34003075102,9
34003075103,9
34003075101,11
34003075302,9
34003305005,9
34023015001,11
34023015002,11
34023085105,11
34023085102,11
34023085104,11
34023015005,11
34023015004,11
34003075301,9
34003075104,9
34003015009,9
34003075303,9
34003075304,9
34003300013,9
34003075404,9
34003265002,9
34003215001,9
34003215002,11
34003075402,9
34003075401,9
34003300014,9
34041060004,7
34041080005,7
34041080006,7
34041040002,7
34041040003,7
34041060003,7
34019090001,1
34003015012,9
34003300017,9
34003300015,9
34003300023,11
34003300016,9
34003300012,9
34003015011,9
34003300009,9
34003300010,9
34003300011,9
34037110017,9
34037110003,11
34003300008,9
34037110016,9
34037110020,9
34003220002,7
34003190001,7
34003220001,7
34037110006,9
34037110008,11
34041040005,7
34027190007,9
34041040006,9
34041040004,7
34041060002,7
34003300007,9
34003115506,9
34003260008,9
34003260006,9
34003260005,9
34003260004,9
34003115502,9
34023085401,11
34023085403,12
34023085107,11
34023085109,11
34003115504,9
34003115505,9
34003115304,9
34003115501,9
34003115405,9
34003115503,9
34003180004,11
34003115404,9
34003115403,7
34003115402,9
34003170006,7
34003170005,7
34003170001,9
34003270003,7
34003270004,7
34003230001,9
34003230006,7
34003230015,7
34003170007,7
34003285004,7
34003285005,7
34003270001,7
34003270002,7
34003285006,7
34003110007,5
34003255019,5
34003085004,5
34003085003,5
34003230016,7
34003285007,7
34003285008,7
34003285002,7
34003285003,7
34003285009,7
34003085009,5
34003285011,7
34003085008,7
34003067009,7
34029090016,8
34029090026,8
34003067008,5
34003067001,5
34003067010,5
34003067002,5
34003320002,5
34003320003,5
34003320001,5
34003005001,5
34003005002,5
34003067003,5
34031040303,5
34031040313,3
34023085201,12
34023055007,12
34023055008,12
34023055005,12
34023085307,12
34023085209,12
34023085202,12
34023085203,12
34023085206,12
34023085205,12
34031040309,5
34003085023,5
34031040505,3
34031040607,3
34031040606,3
34031040301,3
34031040608,3
34031040603,3
34031040605,3
34031020301,5
34031020103,5
34031020302,5
34031020202,5
34031020203,5
34031020401,5
34031040507,3
34031040602,3
34031040509,3
34031040611,3
34031040601,3
34031040609,3
34031040212,3
34031040211,3
34031040109,5
34031040101,5
34031040102,3
34031040104,3
34031010206,3
34023085306,12
34023085303,12
34023085302,12
34023085301,12
34023085305,12
34023085410,12
34023085404,12
34031040210,3
34031080005,1
34031040209,3
34031040508,3
34041070002,5
34041080001,5
34041115004,3
34041080002,3
34031075011,11
34031075012,11
34031075013,11
34023065112,8
34023065115,10
34023040004,10
34023065111,8
34023105001,6
34023040001,10
34019115001,5
34019035005,5
34019085003,5
34023070606,12
34023070604,12
34023070603,12
34023070602,12
34023070605,12
34023070503,12
34023070502,12
34023070501,12
34023070601,12
34035040326,5
34035050007,3
34031075010,11
34037110015,9
34031055003,11
34003165008,9
34003165009,11
34031060003,1
34031080002,1
34031080001,1
34031080004,3
34031080003,3
34031060001,1
34031070206,1
34031070205,1
34031070207,3
34031060005,1
34031040208,3
34031040207,3
34031060006,1
34031060002,1
34031060004,1
34031070403,1
34031070505,3
34031070404,3
34031070501,3
34031070502,3
34031070405,1
34031070406,3
34031070102,1
34031070201,1
34031070203,1
34031070202,1
34031070204,1
34031070101,1
34031070106,1
34027080401,1
34027080402,1
34027080201,3
34031070103,1
34027155004,1
34027155003,3
34027155002,3
34027155001,3
34013037005,1
34013037002,1
34027080301,1
34027080101,1
34027080202,1
34027080302,1
34013037003,1
34031075003,7
34031075004,7
34031075005,7
34031075002,9
34031075006,7
34027075003,7
34031005001,5
34027165002,3
34031005002,5
34031005005,7
34027105008,1
34027105006,1
34027105014,1
34027105017,1
34027105003,1
34027105012,1
34027105004,1
34027105011,1
34027105018,1
34027105007,1
34027105016,1
34027075004,5
34027075001,5
34027105015,1
34027145032,1
34027075007,3
34027010005,3
34027010004,3
34027105001,1
34027005201,1
34027005202,1
34027005401,1
34027005302,1
34027010002,1
34027005301,1
34027005102,1
34027005101,1
34027005402,1
34027145018,1
34027010001,1
34027125002,1
34027125003,1
34003080003,11
34003080002,11
34003075201,11
34003095010,12
34003095014,12
34003080001,11
34003075202,11
34003075403,11
34003095012,11
34003075203,11
34003075204,9
34003300020,9
34003300019,11
34003300022,9
34003300018,9
34003300021,11
34003300005,11
34003300004,11
34003300006,9
34003245004,7
34023065104,10
34023065212,10
34023065211,10
34023065105,8
34023065102,10
34023070403,12
34023070203,12
34023070401,12
34023070405,12
34023070504,12
34023065113,8
34023065208,10
34023065205,10
34023065101,10
34003020001,9
34003115305,7
34003115101,7
34003115102,7
34003115302,7
34003115303,9
34003115104,7
34003115301,7
34003115201,9
34003115401,9
34003115204,7
34003115205,9
34003115203,7
34003115202,7
34003155012,7
34023070207,10
34023070205,12
34023070206,12
34035040544,12
34035040545,12
34023070404,12
34003125006,7
34003125007,9
34003125008,9
34023075001,10
34023075006,10
34003155001,9
34003155011,7
34003155010,7
34003155009,9
34003285001,7
34003060001,7
34003025001,9
34003025002,7
34003105503,7
34003105502,5
34003105501,5
34003325003,5
34003105101,5
34003295001,7
34003105301,5
34003105103,5
34003105302,7
34023020004,10
34023075007,10
34023075013,10
34023075004,10
34023075016,10
34023075010,10
34023020027,10
34023105004,8
34023020034,10
34023075020,10
34023075023,10
34023075024,10
34023065107,10
34041115003,5
34041110001,3
34041115005,3
34041110002,1
34041085001,3
34003105402,7
34003105403,7
34003105201,5
34003105202,5
34031010308,3
34003105401,5
34003195009,7
34003160004,7
34003195010,7
34031010405,5
34031010401,5
34031010404,3
34031010304,3
34031010301,3
34031035205,5
34031035206,5
34023065215,8
34023065210,8
34023065109,10
34023065110,10
34023010003,6
34023010001,6
34031010306,3
34031010202,3
34031010204,3
34023075011,10
34023065114,8
34023065214,8
34031040610,3
34013080206,5
34031010123,5
34023065117,8
34023065116,8
34025255003,2
34025255001,2
34027135014,5
34035065019,2
34035065016,2
34027135018,5
34027135012,3
34025210006,10
34025210003,10
34025215001,10
34025165002,10
34025215002,10
34023030001,10
34023020010,8
34023020023,10
34027190002,3
34027190004,3
34027190001,1
34027190005,5
34027190003,5
34023065201,10
34023020039,10
34023020036,10
34023020014,10
34023020031,10
34023020038,10
34023020011,10
34023020003,12
34023115004,12
34023060002,10
34023060004,10
34023060008,10
34023060006,10
34023060009,10
34023060007,12
34023060001,10
34023060003,10
34031010210,3
34031010203,3
34031010207,3
34031010209,3
34031010205,1
34031010208,3
34031010114,3
34023020019,12
34023020032,10
34023020015,10
34023070204,12
34023070201,12
34023070202,12
34023070103,12
34023070102,12
34023070101,12
34023095030,12
34023095010,12
34023025012,12
34023125201,12
34023035013,12
34023035007,12
34023035008,12
34023025027,12
34023085406,12
34023025031,12
34023085405,12
34023085407,12
34023085208,12
34023085409,12
34023085402,12
34023110015,11
34023025077,12
34023025071,12
34023025005,11
34023025003,11
34023085103,11
34023110007,11
34025160007,6
34025255002,2
34021060003,2
34021005007,2
34021065016,2
34021005001,2
34021005014,2
34023110014,12
34023110006,11
34039060307,11
34039060306,11
34039060405,11
34035070009,11
34039060401,9
34039060404,11
34023075014,12
34023070402,12
34039060310,9
34035105005,5
34035070001,9
34023005009,10
34039045701,10
34035105003,11
34035070004,11
34035070002,9
34035070014,11
34039005011,5
34039005008,5
34039005006,5
34027025008,5
34039055004,3
34039055005,3
34039005009,3
34027025007,3
34027025002,5
34027025003,3
34039055010,3
34039055007,3
34039055008,3
34027025009,3
34013060016,3
34013060005,3
34013050010,1
34013050017,3
34027085003,5
34027055006,3
34027110005,3
34027085014,3
34027060007,3
34031080006,3
34025090003,10
34031080007,3
34027060004,1
34027060006,1
34031025003,1
34031025007,3
34031025009,3
34031010121,3
34031025006,1
34031025002,1
34031025001,1
34013065201,3
34027050007,1
34027060005,1
34027145011,1
34027145015,1
34027145013,1
34027145016,1
34027145017,1
34027145024,1
34027145020,1
34027145014,1
34027125004,1
34027145003,1
34027145019,1
34027060009,1
34013025008,1
34031025008,1
34031025004,1
34013025001,1
34013025002,1
34023040002,10
34023065202,10
34023040003,10
34031025005,1
34023065209,10
34023065203,10
34023065204,8
34023065308,10
34023065213,10
34023065207,8
34023065206,10
34027145023,1
34027145021,1
34027145028,1
34025160002,8
34025130018,10
34025080023,10
34025080019,10
34027145022,1
34027145038,1
34027145025,1
34027145030,1
34027145029,1
34027145031,1
34027145033,1
34027145034,1
34027105010,1
34027105009,1
34027050005,1
34027050006,1
34027145026,1
34027105002,1
34025160005,8
34025160001,8
34025160006,8
34029055020,8
34029055023,8
34027105013,1
34027105005,1
34029070040,8
34029070002,8
34029070025,8
34029070010,8
34013037004,1
34013075002,1
34013110102,3
34013027S06,5
34013110103,3
34019130002,5
34021010024,5
34021010026,5
34021010019,3
34021030002,5
34005192011,2
34005045001,1
34005155003,2
34005045002,2
34005045003,1
34005155002,2
34005155004,4
34005050101,1
34005050104,4
34005050103,2
34005050302,4
34005155008,4
34005050105,4
34005050102,2
34005050205,4
34005050106,4
34005050303,4
34005115009,4
34005050305,4
34005040011,4
34005040013,4
34005040012,2
34005040009,2
34005040010,4
34005040001,1
34005050301,4
34005050306,4
34005080002,6
34005080003,6
34005115006,4
34005115010,4
34005115003,4
34005115004,4
34005115005,4
34005115008,4
34005115007,4
34005115002,4
34005115011,4
34005125006,4
34005125008,4
34005100015,4
34005100016,4
34005065007,6
34005065021,6
34007043017,4
34007043045,4
34005125003,4
34007043007,4
34007043043,4
34007043016,4
34007043027,4
34007043044,4
34007043026,4
34007043039,4
34041110003,1
34041085002,3
34041105003,1
34041105002,1
34041105001,1
34041110004,1
34021030010,2
34021030009,3
34021030007,3
34021030004,3
34021030001,1
34021040002,1
34021030012,1
34021055W02,1
34021010010,2
34021010009,2
34021010006,1
34007043011,4
34007043031,4
34007043042,4
34007043040,4
34007043037,4
34007043022,4
34041050002,5
34041115001,5
34041115006,3
34041105004,1
34041110006,1
34023090008,2
34023090009,2
34023090002,2
34023090010,2
34023090004,2
34023090006,2
34023105026,2
34041025002,1
34019010004,1
34019065001,1
34023105015,2
34023010002,2
34019125002,1
34019125003,1
34019010001,1
34019010003,1
34041025001,3
34019125001,1
34021005003,6
34007043018,4
34005100011,4
34005100018,4
34005100009,4
34005100001,4
34005100004,4
34023105029,6
34023105028,8
34035040328,5
34035040324,12
34035040329,5
34035040425,12
34023090005,2
34023105003,2
34023105027,2
34023090001,2
34023090007,2
34023065108,10
34021050015,2
34021065009,2
34021065006,2
34021050016,2
34021050019,2
34023090013,2
34021050017,2
34021050018,2
34021050013,2
34005115001,4
34023105023,2
34023105030,2
34023105002,2
34023105017,2
34023105014,2
34023105013,6
34023105010,2
34023105025,2
34023105019,2
34023105020,2
34019085004,5
34019130001,3
34019035001,3
34019085002,5
34019040002,3
34019035003,5
34019035004,3
34019080002,3
34019035002,1
34021050011,2
34021050012,2
34021050014,2
34021060001,2
34021065013,2
34021065003,2
34021050021,2
34021050020,2
34019040001,3
34019040005,3
34021050007,2
34021050010,2
34021050008,2
34021065002,2
34021050005,2
34021050009,2
34019105018,1
34019045003,2
34019105011,2
34019105010,1
34019105016,2
34019080001,3
34019050002,1
34019105005,1
34019105003,1
34019050003,1
34019005002,3
34021050003,2
34021050002,2
34021065004,2
34021050001,2
34019050001,1
34019125004,1
34019110006,2
34019030007,1
34019030001,1
34019030011,1
34019040004,1
34021030006,1
34019105013,2
34019040003,1
34019105008,2
34035050030,2
34021025002,1
34021025001,1
34035050008,2
34035065003,2
34035065004,2
34019110011,1
34035025012,1
34019110001,1
34019070001,1
34019095004,1
34019095005,1
34019095003,1
34041110005,1
34019095001,3
34019020001,1
34019095002,3
34027190012,5
34041095201,5
34041095101,5
34041100001,5
34041095401,5
34019005001,5
34019005003,3
34019005004,3
34019095006,3
34041080003,3
34035030023,1
34035030010,1
34035010016,3
34023105016,2
34007043019,4
34007043020,4
34007043013,4
34019085001,5
34021030003,5
34035040101,2
34035085001,2
34035065001,2
34019100001,5
34005030010,1
34005075301,1
34005075302,1
34019080004,5
34019080003,5
34035065013,2
34021050022,2
34035065002,2
34035065014,2
34035065015,2
34035065018,2
34019075001,5
34041100002,5
34019075004,5
34005040016,4
34005040017,4
34005040015,2
34005040014,2
34005040002,2
34005040019,4
34007085009,4
34007043048,4
34005040005,2
34005040018,4
34005040003,2
34005040008,4
34005040020,4
34005160001,1
34007055010,2
34007040206,2
34007185002,2
34007040204,2
34007055009,2
34007040205,2
34007077203,2
34007077103,2
34007077201,1
34007077101,1
34007077102,2
34007077202,2
34007077302,2
34007040203,2
34007040211,2
34007040202,2
34007040201,2
34007135005,2
34007040303,2
34007135020,2
34005140007,2
34005140006,2
34005140005,2
34005140004,2
34007135006,2
34007135004,2
34007135016,2
34007040308,2
34007040407,2
34007040408,2
34007040409,2
34007040305,2
34007040301,2
34005140008,1
34005140009,1
34005040007,2
34007020005,2
34007020006,2
34007125004,2
34007077301,1
34005100008,4
34005100006,4
34005100005,4
34005100014,4
34005100007,4
34007135019,2
34007135012,2
34007135007,2
34007040106,2
34007040107,2
34007040110,2
34007040109,2
34007040108,2
34007040105,1
34007040102,1
34007040101,2
34007120003,2
34007135010,4
34007135011,2
34007120001,2
34007043008,4
34007120002,4
34007040103,2
34007040410,1
34007040401,1
34007185001,2
34007040207,2
34007080014,2
34007080001,2
34007085008,2
34007043021,4
34007043025,4
34007043012,4
34007080006,2
34007125001,2
34007005003,2
34007010001,2
34007125002,2
34007040208,2
34007040209,2
34007135023,2
34007135017,4
34007040210,2
34007090007,4
34007090006,2
34007040403,2
34007040104,2
34007135013,2
34007043010,4
34007085003,4
34007085007,4
34007085001,4
34007085002,4
34007043024,4
34007043015,4
34007043041,4
34007043023,4
34007043003,4
34007043004,4
34007043006,4
34007043001,4
34007080012,4
34007080015,2
34007080010,2
34007080009,2
34007055007,2
34007080013,2
34007080008,2
34007043009,4
34007135024,2
34007080011,2
34007080003,2
34007080002,4
34007080005,2
34007130004,2
34007055003,2
34007005008,2
34007005004,2
34007090001,4
34007085005,4
34007090004,4
34007005007,4
34007085006,4
34007055002,2
34007080007,4
34007055012,2
34007055004,4
34007055008,2
34007135015,2
34007055006,2
34007130002,2
34007055005,2
34007130003,2
34007080004,2
34007005001,2
34007005005,2
34007043032,4
34007085010,4
34007090005,4
34007055011,2
34007040304,2
34007005006,4
34007005002,4
34007135022,4
34007040306,2
34007040406,2
34007040307,2
34007040309,2
34007040302,2
34007135002,2
34007135021,4
34007135008,4
34007135001,2
34007043038,4
34005100013,4
34005100003,4
34005100010,4
34005100012,4
34005100002,4
34005100019,4
34005100017,4
34005160003,1
34005140003,2
34005140002,2
34005040006,2
34005140001,2
34005160002,2
34005040004,2
34019075005,5
34019075003,3
34019015001,3
34041035002,3
34019010002,3
34041035004,3
34041025003,3
34041035001,1
34019075002,3
34041010002,3
34041075003,3
34041075002,5
34041050001,5
34041010001,3
34019055001,5
34041035003,3
34041075001,3
34041015002,5
34041015003,3
34041115002,3
34041075007,3
34041095301,3
34041095601,3
34041100004,3
34041100003,3
34041095702,3
34041095703,3
34041095701,3
34041075006,3
34041095602,3
34041095502,3
34041075004,3
34041075005,3
34041095501,3
34041015001,5
34005015301,3
34005015201,3
34005020007,1
34005015102,3
34005020005,1
34005020006,1
34005020004,2
34021015014,5
34005020002,3
34005020003,3
34005035001,2
34005015101,3
34005020008,1
34005035002,1
34029115001,2
34005130001,2
34005135001,2
34005175001,2
34005150006,6
34005055007,2
34005095008,2
34021005006,2
34005095006,2
34005200002,2
34005175003,2
34005150010,6
34021015049,2
34021015031,2
34021015024,3
34021015037,3
34021015008,3
34021015046,1
34021015029,3
34021015063,1
34021015038,1
34005150007,6
34005150008,6
34005170001,6
34025255004,2
34021035015,2
34021035011,2
34021035014,2
34021035013,2
34021035019,2
34021035012,2
34021035016,2
34021035017,2
34021035018,2
34021035002,2
34021035008,2
34021015052,2
34021060008,2
34021060002,2
34021060005,2
34021015025,2
34021015007,2
34021015033,2
34021015001,2
34021015047,2
34021015060,2
34021015051,1
34021015061,2
34021015064,1
34021015035,2
34021015006,2
34021015041,2
34021015026,2
34021015016,2
34021010018,3
34021015023,1
34021015017,2
34021015013,2
34021055S01,2
34021055E05,1
34021055S04,2
34021015011,3
34021055S09,5
34005015103,3
34005070001,5
34005095003,1
34005080005,6
34005080001,6
34021015032,2
34021015044,2
34021015021,2
34021015058,2
34021055W11,1
34005075103,2
34005075202,2
34005075101,1
34005075102,2
34005075201,1
34021015010,2
34021015036,2
34021015056,2
34021015019,2
34021015002,2
34021015043,2
34021015042,2
34021060004,2
34005030011,2
34005030012,2
34005030013,4
34005030016,4
34005030017,2
34005075303,1
34021065015,2
34021065007,2
34005075203,2
34005175002,2
34005055001,6
34005055002,6
34005120004,6
34005055004,6
34005055003,6
34005155001,2
34005115014,4
34005115018,4
34005050201,4
34005050206,4
34005115017,4
34005115019,4
34005050202,4
34005050203,4
34005050304,4
34005125014,6
34005125025,6
34005125005,6
34005125018,6
34005090005,6
34005030014,4
34005030008,4
34005025303,4
34005030009,4
34005030018,4
34005030015,4
34005190005,6
34005120007,6
34005125024,6
34005125019,6
34005120006,6
34005120005,6
34005060002,1
34005060003,2
34005125002,4
34005115020,4
34005192034,4
34005192036,4
34005192035,4
34005120001,6
34005190003,6
34005120002,6
34005090002,6
34005950010,6
34005125016,6
34005125027,6
34005105006,6
34005090001,6
34005125020,6
34005080004,4
34005090004,6
34005190002,4
34005190001,4
34005105005,6
34005105002,6
34005125021,6
34005125022,6
34005125023,6
34005190004,6
34005105015,6
34005125012,4
34005125004,4
34005105008,6
34005065025,6
34005192021,4
34005192028,4
34005192024,4
34005192022,4
34005115016,4
34005125015,6
34005125011,6
34005115015,4
34005192033,4
34005192032,4
34005030019,4
34005060007,2
34005060006,4
34005192002,4
34005115012,4
34005115013,4
34005105009,6
34005105017,6
34005105001,6
34005025203,1
34005030005,4
34005030007,4
34005025402,4
34005025202,2
34005025401,4
34005030006,4
34005125007,4
34005125009,4
34005125001,4
34005125010,6
34005065012,6
34005065005,4
34005065006,4
34005065023,6
34005125017,4
34005065009,6
34005125013,6
34005065013,6
34007043028,4
34005192001,4
34005192005,4
34005192004,4
34005030004,4
34005192031,4
34005192018,4
34005192015,4
34005192006,4
34005192016,4
34005192014,4
34005192010,4
34005192003,4
34005192019,4
34005192023,4
34005060005,2
34005030002,2
34005030001,1
34005050204,4
34005045006,2
34005060008,2
34005192009,4
34005192029,4
34005192013,4
34005030003,2
34005045004,1
34005045005,1
34005060004,2
34005192008,4
34005192030,4
34005192012,4
34005192025,4
34005192007,4
34005155007,4
34005155005,4
34005155006,4
34005060001,2
34005010001,1
34005010002,1
34005192026,4
34005192017,4
34005010003,1
34005192027,4
34005192020,4
34005025403,2
34005025201,2
34005025103,2
34005025102,2
34005120003,6
34005095005,2
34005095004,2
34021055W10,5
34021055W01,5
34021055W05,3
34021055W07,3
34021055W14,5
34021055W12,5
34021055W16,5
34021055W04,3
34021055W08,3
34021055W15,3
34021055W13,1
34021055W03,3
34021055N05,1
34021035010,2
34021035009,2
34021055N01,1
34021035006,2
34021035021,2
34021035001,2
34021035020,2
34021055W09,1
34021055N03,3
34021035005,2
34021010007,2
34021010015,2
34021010011,2
34021035003,2
34021055N04,1
34021010023,2
34021010022,2
34021010028,2
34021010025,2
34021010012,3
34021010017,3
34021010004,3
34021010005,1
34021010013,3
34021010027,5
34021010002,3
34021010021,1
34021010008,3
34021010001,3
34021055N11,3
34021055N02,3
34021055N07,1
34021055E01,1
34021055E04,2
34021015012,3
34021055S06,3
34021015005,1
34021015004,2
34021055N08,5
34021055N06,5
34021055S03,1
34021055S07,3
34021055N09,3
34021015018,2
34021055E09,2
340210055E7,1
34021055E08,2
34021055E02,2
34021055E06,2
34021055S02,3
34021055S08,1
34021015039,2
34021055S05,1
34021055W06,1
34021055N10,1
34021055N12,3
34021055E03,1
34021040003,1
34021040001,1
34021010020,1
34021010014,2
34021030011,2
34021010003,1
34021010016,2
34005200001,2
34005150002,2
34005145001,6
34021015015,2
34021015048,2
34021015054,2
34021015034,2
34021015027,2
34023090003,2
34023090011,2
34023090012,2
34021065014,2
34021015062,2
34021015020,2
34021015059,2
34021015040,2
34021005009,6
34021005010,8
34021005011,8
34025010001,2
34025010002,2
34021015050,2
34021015028,2
34021060007,2
34021065011,2
34021065012,2
34021060009,2
34021060006,2
34021065001,2
34021065005,2
34021015055,2
34021015009,2
34021015045,2
34021015057,1
34021015053,1
34021005008,2
34021005013,2
34021005004,2
34021005005,2
34021005002,2
34021015022,1
34021015030,2
34021015003,2
34021065010,2
34021065008,2
34021050006,2
34021020002,2
34021020001,6
34021020004,2
34021020003,2
34023065106,10
34021005012,8
34021005015,8
34021005016,8
34023065103,10
34027135006,3
34027190013,7
34027190008,7
34027135010,5
34027135009,5
34027135011,3
34035005004,1
34035005007,1
34035005006,1
34035005008,1
34035005009,1
34035030022,1
34035030017,1
34027035002,3
34027135013,3
34035100003,3
34035100004,3
34035030024,3
34035020006,3
34035020003,3
34035020007,3
34035030015,3
34035005003,1
34019120001,1
34035035001,1
34035015005,1
34035030006,1
34035010022,1
34035010021,1
34035010004,1
34035030028,1
34035090008,1
34035090003,1
34035090004,1
34035090007,1
34035090005,1
34035030011,1
34035030026,1
34035005005,1
34019030005,1
34019030006,1
34019120005,1
34019110003,1
34019120002,1
34035100007,12
34027065004,5
34035100011,12
34027082001,12
34035030027,1
34035030021,1
34035030007,1
34035030018,1
34035030013,1
34035075001,1
34035005001,1
34035075002,1
34027135022,3
34027030001,1
34027035001,1
34027135001,1
34027135002,1
34027135003,1
34027135004,1
34035010015,3
34035010019,5
34035100006,12
34035010017,3
34035010009,3
34035010006,1
34035010011,5
34035010010,5
34035100002,5
34035030004,1
34035030029,1
34035030032,1
34035030019,1
34035065007,2
34035050001,2
34035050026,2
34035065009,2
34035010012,1
34035010008,1
34035030030,1
34035030025,1
34035050002,2
34035050017,1
34035050016,2
34035100005,5
34035100012,12
34035040220,12
34035040219,5
34035040551,12
34035040222,12
34035025010,1
34035030016,2
34035030033,1
34035030031,1
34035030036,1
34035030035,1
34035080005,1
34035050027,1
34035050009,3
34035060001,3
34035040327,3
34035025013,2
34035050028,2
34019030004,1
34019070002,1
34019030003,1
34019030009,1
34019030012,1
34027035005,1
34027135005,1
34019025001,1
34035025006,2
34035030001,2
34035030002,2
34035080002,2
34035025015,2
34035025003,1
34035025005,2
34019025002,1
34019030002,1
34019030008,1
34019060001,1
34035025016,1
34035025007,1
34019110002,1
34019110004,2
34019110010,1
34035025011,2
34035025009,2
34035025014,2
34019110012,2
34035000005,11
34035100013,12
34023085207,11
34023055002,12
34023055001,11
34035045003,12
34035025002,2
34019110015,2
34019110009,2
34019110013,1
34019110008,2
34019110016,2
34019110007,2
34019105001,2
34019105012,2
34019105002,2
34027135007,1
34035065008,2
34019105006,1
34019105017,1
34019105021,1
34019105019,1
34019105004,1
34019105020,2
34019105015,2
34019045002,1
34019045001,2
34019110005,2
34019110014,2
34019105014,2
34019105009,2
34019105007,2
34027190006,7
34027190009,7
34027190011,9
34019120004,1
34019120003,1
34041080004,5
34041040001,7
34019030010,1
34019070003,1
34027135019,7
34027135016,5
34027135021,7
34041040007,7
34027190010,7
34035040221,12
34035040550,12
34035040437,12
34035040214,12
34035040548,12
34035040435,12
34035040442,12
34035040549,12
34035040523,12
34035050013,2
34035050033,2
34035050015,1
34035050006,1
34035040211,3
34035040212,5
34035055003,1
34035055002,1
34035040102,1
34023105007,2
34035040103,2
34035030008,3
34035055007,3
34035055006,3
34035050005,1
34035055005,1
34035040438,12
34035040439,12
34023075018,10
34023075015,10
34035040440,12
34035040441,12
34023075027,10
34023075019,10
34023075002,10
34035040443,12
34035040546,12
34035020004,3
34035040217,5
34035040218,5
34035040216,5
34023105024,2
34035040104,1
34023105009,2
34023105005,2
34035040105,1
34023105006,2
34035050014,2
34035065017,2
34035050004,1
34035050023,2
34035065012,2
34035050018,2
34035050022,2
34035050020,2
34035050011,1
34035040110,3
34023085210,11
34023085310,12
34035030020,1
34035040547,12
34035055004,1
34035050029,2
34035050021,2
34023085304,12
34035040436,12
34035050025,2
34035050012,1
34035055001,1
34035030003,1
34035090009,1
34035090006,1
34035090012,1
34035065005,2
34035065006,2
34035080001,2
34035040106,1
34035040107,1
34035040108,1
34035050024,2
34035050032,2
34035050019,2
34035065010,2
34035040109,1
34035090001,1
34023075003,12
34035065011,2
34035080004,1
34035090002,1
34035090011,1
34035080003,1
34035030005,1
34035030034,1
34035090010,1
34023105008,2
34023105022,2
34023075017,10
34035040333,3
34035040331,3
34035040330,10
34023075012,12
34023075022,10
34023075009,10
34023075005,10
34023075026,10
34023075025,10
34023105021,2
34023105018,1
34023105011,1
34023105012,1
34023075021,10
34035040332,3
34035040334,3
34035095001,3
34035095003,3
34035020001,5
34035095002,5
34035040213,5
34023085309,12
34023085308,12
34023055009,12
34023055004,12
34023055006,5
34023055003,11
34035030009,5
34035045004,12
34023055010,11
34035040215,12
34035020002,3
34035020005,3
34035030012,5
34023085204,11
34023085108,11
34023085106,11
34023015003,11
34023015006,11
34035010005,1
34035015006,3
34027090003,3
34027090004,1
34027090001,1
34027090005,1
34027160017,1
34027160013,1
34027090002,1
34035015003,1
34035010002,3
34035015002,1
34035010001,3
34035010003,5
34035015007,3
34035015001,1
34027160018,1
34027110013,12
34027110014,12
34027110011,12
34035010007,3
34027160014,1
34027160012,1
34027082002,12
34027160004,1
34027160008,1
34027160015,3
34027160001,3
34027160019,1
34027110016,5
34035015004,1
34027110017,3
34027110018,3
34027110022,5
34027160009,1
34027180402,1
34027180401,1
34035010024,1
34035010023,1
34027180406,1
34027180303,1
34027180405,1
34027180404,1
34027180403,1
34027110002,3
34027110001,1
34027115005,1
34027120402,12
34027110019,12
34027120401,12
34027110020,3
34027120302,12
34027160003,1
34027115003,1
34027120301,5
34027120303,12
34027120403,5
34027120103,3
34027120203,3
34027120202,3
34037035001,7
34037065001,9
34037065002,7
34037090012,7
34037090007,3
34037090010,3
34037090003,7
34037030001,7
34037045002,7
34037055002,7
34037055001,7
34037055003,7
34037065003,9
34037120003,7
34037120002,9
34037120008,7
34037070002,11
34037010004,7
34037010003,7
34037020006,3
34037090006,3
34037090004,3
34037060007,1
34037060010,3
34037060002,3
34037120005,11
34037120004,7
34027070006,3
34027070004,3
34037090013,5
34027070008,5
34037010001,7
34037010002,7
34037090008,7
34037110001,7
34027070014,7
34027070012,7
34037105001,7
34037120007,7
34037070001,11
34037060005,3
34037060008,1
34037070003,11
34037110004,7
34037085001,7
34037025002,7
34037025001,7
34037110002,7
34037110018,9
34037110011,9
34037015001,7
34037050003,7
34037050004,9
34037075002,9
34037010005,7
34037005001,7
34037035004,7
34037020003,7
34037050001,7
34037075003,7
34037075004,7
34037075001,7
34037075006,7
34037100003,7
34037110005,9
34037035003,7
34037075005,7
34037090001,7
34027070007,3
34037090011,5
34037080002,7
34037080001,7
34027070005,1
34037090009,3
34037060001,3
34037060003,3
34037060009,1
34037060011,3
34027175402,1
34027175401,1
34027175404,1
34037120006,7
34037110010,7
34037110014,9
34037110013,7
34037110019,9
34025105004,10
34025105005,10
34025105002,10
34025105006,10
34025155030,10
34023077608,10
34025130020,10
34025130024,10
34025130019,10
34025130009,10
34025130004,10
34025130003,10
34025130023,10
34023077510,10
34023065307,10
34023065305,10
34023077306,10
34023077307,10
34025140009,10
34023077208,10
34023077202,10
34025140004,10
34025155045,8
34025155001,10
34025155020,8
34025155022,10
34025155031,8
34025155014,8
34025155011,8
34025155012,8
34025155032,8
34025155018,8
34025200006,8
34025225002,8
34025155010,10
34025200008,8
34025ZZZZZZ,10
34039020102,12
34039020105,10
34039020104,12
34039020107,12
34039020108,12
34025085002,10
34025085001,10
34025085003,10
34025140010,10
34025140002,10
34025140005,10
34023077507,10
34023077207,10
34025140024,10
34025140008,10
34025140012,10
34025140018,10
34025140016,10
34025130007,10
34025140015,10
34025155036,10
34025155034,8
34023065304,10
34025130021,10
34025130022,10
34025130001,10
34025140019,10
34025140027,10
34025140023,10
34023065310,10
34023065309,10
34023065306,10
34025080004,10
34025080020,10
34025080018,8
34025095004,8
34025080009,8
34025080026,10
34025080013,10
34023065302,10
34023065303,10
34023065301,10
34023120005,10
34023120006,10
34023077602,10
34023077404,10
34023077405,10
34023077407,10
34023077509,10
34023077401,10
34023077409,10
34023077403,10
34025155023,10
34025047002,10
34025090005,10
34023080105,10
34023095006,10
34023100202,10
34025140013,10
34025155043,10
34025155041,8
34025155040,8
34025155035,8
34025140025,10
34025047006,10
34025047004,10
34025003013,10
34025145004,10
34025140026,10
34025047008,10
34025155005,10
34025155019,10
34025155044,10
34025155039,10
34025155038,10
34025210002,10
34025247002,10
34025247001,10
34025082007,10
34025082005,8
34025082011,10
34025082017,8
34025090006,10
34025155002,10
34025065001,10
34025210001,10
34025025002,10
34025003001,10
34025003005,10
34025003012,10
34025003011,10
34025003010,10
34025003009,10
34023120002,10
34023120007,10
34023120001,10
34023120004,10
34023077204,10
34023077406,10
34025130012,10
34025025004,10
34025025001,10
34025025003,10
34025210005,10
34023115010,10
34023095033,10
34023095028,12
34023077606,10
34023077605,10
34023077505,10
34023077508,10
34023077506,10
34025050001,10
34025125001,10
34025125008,10
34025125002,10
34025165001,10
34025210004,10
34025090001,10
34025090002,10
34025090007,10
34025065002,8
34025065005,10
34025190001,10
34025065004,8
34025065003,10
34025065006,10
34025247004,8
34025247006,8
34025005001,10
34025015006,10
34025015007,10
34025120001,10
34025185016,8
34025185020,8
34029070007,8
34029070014,8
34029070008,8
34029035003,8
34029035034,8
34029035009,8
34029035004,8
34029035010,8
34029035060,8
34029025137,8
34029110001,8
34029050001,8
34029050002,8
34029110002,8
34029055021,8
34029055013,8
34029055031,8
34029020002,8
34029020001,8
34029070021,8
34025095003,8
34025095025,8
34025095022,8
34025095007,8
34029055002,8
34029035049,8
34029035024,6
34029035059,8
34029035043,8
34029070029,8
34029070020,8
34029035050,6
34029035044,6
34029035052,8
34029070041,6
34029070016,8
34029070026,6
34029070042,8
34029070005,6
34025095029,8
34025095013,8
34025095001,8
34025095010,8
34025095031,6
34025095030,8
34025047003,10
34025140001,10
34025140014,10
34025140006,10
34025047007,10
34025047001,10
34025095027,10
34025170020,8
34025185022,8
34025170019,8
34029070035,8
34029090002,8
34029070017,8
34029070036,8
34029070027,8
34029070004,8
34029070012,8
34029055018,6
34029055019,8
34029025421,8
34029035014,8
34029055022,8
34029055005,8
34029055026,8
34029090031,8
34029090037,8
34029090005,8
34029075002,8
34029035056,8
34029035057,8
34029035039,8
34029035023,8
34029035028,8
34029035035,8
34029035022,8
34029070030,8
34029070023,8
34029070031,8
34029070034,8
34025200001,8
34025200002,8
34025200005,8
34025045002,10
34025045001,10
34025135001,10
34025135003,10
34025260011,10
34025260009,10
34025260016,10
34029025331,8
34025260018,8
34025260017,8
34029055007,8
34029055008,8
34025260002,8
34025260014,8
34025260012,10
34025260008,8
34025095008,8
34029055027,8
34029055009,8
34025095016,8
34025245003,10
34025135004,10
34025095017,8
34025095009,8
34025095011,8
34025095005,8
34029030036,8
34029030008,8
34029030019,8
34029030045,8
34029070019,8
34029070022,8
34029070018,8
34029070015,8
34029070037,8
34029070028,8
34029030041,8
34029030001,8
34029030016,8
34029070009,8
34029070013,8
34029030050,8
34025095026,8
34029030046,8
34029030021,8
34029030020,8
34029030056,8
34029030017,8
34029030027,8
34029030054,8
34025070001,8
34025095002,8
34029030039,8
34025095015,8
34029030029,8
34025095019,8
34025095018,8
34029020004,8
34029020007,8
34029020005,8
34029123004,10
34029123003,10
34029030023,8
34029030057,8
34029030030,8
34029030003,8
34029030024,8
34029030031,8
34029123001,10
34029030028,8
34029030048,8
34029030047,8
34029035017,8
34029035061,8
34029035046,8
34029035055,8
34029145003,8
34029025301,8
34029120006,8
34029120002,8
34025045003,8
34029030026,8
34029095001,8
34029070011,8
34029070001,8
34029055015,8
34029120004,8
34029120005,8
34029120003,8
34029120001,8
34029120010,8
34029055032,6
34029055025,8
34029055012,8
34029035002,8
34029035001,6
34029035036,8
34029090010,8
34025080011,8
34029055006,6
34029055016,6
34029070006,6
34029070043,8
34029030002,8
34029030042,8
34029030011,8
34025080002,10
34025095032,8
34025095014,8
34029030038,8
34029030022,8
34029030052,8
34029030014,8
34029035058,8
34029035030,8
34029035048,8
34029070032,8
34029090029,8
34029065001,8
34029090001,8
34029090008,8
34029090011,8
34029090012,8
34029090007,8
34029090006,8
34029090018,8
34029090019,8
34029090015,8
34029025424,8
34029025425,8
34029025423,8
34029090039,8
34029090028,8
34029035006,6
34029035037,6
34029035021,8
34029035025,8
34029035051,6
34029090004,8
34029035063,8
34029035013,8
34029090024,8
34029090033,8
34029090003,8
34029025418,8
34029035040,6
34029145001,6
34029025414,6
34029025326,8
34029025428,8
34029025330,8
34029025319,8
34029025438,8
34029025410,8
34029025412,8
34029025313,8
34029090032,8
34029090036,8
34029090038,8
34029035018,8
34029020006,8
34029090034,8
34029090027,8
34029090025,6
34029090020,8
34029090030,8
34029090035,8
34029090014,8
34029090013,8
34029090017,8
34029025409,8
34029025308,8
34029145002,6
34029025329,8
34029025327,8
34029020003,8
34029070033,8
34029035047,8
34029070038,8
34029070039,6
34029035062,6
34029035045,8
34029090022,8
34029090023,8
34029090021,8
34025080021,10
34025080015,10
34025095021,6
34025095028,6
34029055017,6
34025080010,10
34025080025,10
34025080003,8
34025080017,10
34025075002,10
34025075003,10
34025080006,10
34025080014,10
34025095024,6
34029055010,6
34029055029,6
34029055034,6
34025130013,10
34025130017,10
34025130026,10
34025130006,10
34025080005,10
34025080012,8
34025130027,10
34025130025,10
34025075001,10
34029055033,8
34025140020,10
34025060001,10
34029055028,8
34025140028,10
34025130016,10
34025130014,10
34025130015,10
34025130011,10
34025130005,10
34025130010,10
34025080007,10
34025095020,6
34025080016,8
34025130002,10
34025075004,10
34025075005,8
34025075006,8
34023065311,10
34025095023,8
34029055030,8
34025095006,6
34025095012,8
34025140022,10
34025140017,10
34025140007,10
34025140011,10
34025140021,10
34025080001,10
34025075007,10
34025130008,10
34029120009,8
34029120012,8
34029120014,8
34029120011,8
34029120013,8
34029035041,8
34029035012,8
34029035053,8
34029120015,8
34029035011,8
34029035042,8
34029035038,8
34029123002,8
34029030013,8
34029035033,8
34029120016,8
34029120008,8
34029030005,8
34029010001,8
34029030018,8
34029075001,8
34029130001,8
34029035019,8
34029035027,8
34029035054,8
34029035029,8
34029035005,8
34029035007,8
34029035016,8
34029035031,8
34029035032,8
34029035008,8
34029030055,8
34029030025,8
34029030053,8
34029030007,8
34029030010,8
34029030037,8
34029035026,8
34029105001,8
34029135001,8
34029135002,8
34029030051,8
34029030012,8
34029030032,8
34029030006,8
34029030034,8
34029030004,8
34029030009,8
34029035020,8
34029030044,8
34029030040,8
34029030015,8
34029035015,8
34029030033,8
34029070024,8
34029070003,8
34029030035,8
34029030043,8
34029030049,8
34029120007,8
34025185011,10
34025185002,10
34025225003,8
34025225001,8
34025115006,8
34025200009,8
34025055002,8
34025247015,8
34025230001,8
34025055001,8
34025035004,10
34025235001,10
34025240002,10
34025260005,10
34025260006,10
34025260010,10
34025245002,10
34025220001,10
34025170016,10
34025260003,10
34025035003,10
34025170004,10
34025055008,8
34025055003,8
34025055007,8
34025265006,8
34025265001,8
34025100001,10
34025185004,10
34025185003,10
34025015001,10
34025015009,10
34025015005,10
34025015008,10
34025055005,8
34025055009,8
34025055004,8
34025055006,8
34025170013,8
34025185021,8
34025185012,8
34025247010,8
34025125012,10
34025185019,8
34025247009,8
34025247013,8
34025247005,10
34025247007,8
34025185015,8
34025185018,8
34025185014,8
34025247014,8
34025115002,8
34025115004,10
34025200004,8
34025200003,8
34025200007,8
34025260015,8
34025040001,10
34025170002,10
34025170001,10
34025170014,8
34025170010,8
34025185013,8
34025185017,10
34025247012,8
34025247011,8
34025170018,8
34025170006,8
34025170015,8
34025170017,8
34025135002,10
34025190004,8
34025115001,8
34025172001,10
34025170007,10
34025170005,8
34025170012,8
34025172003,10
34025170008,10
34025170011,10
34025260001,8
34025260004,10
34025260019,8
34025260013,10
34025170009,10
34025185006,8
34025185010,10
34025185008,10
34025185007,10
34025220002,10
34025240003,10
34025245001,8
34025245005,8
34025265002,8
34025035002,10
34025035001,10
34025185005,8
34025015002,10
34025260007,10
34025115003,10
34025115005,10
34025185001,8
34025155042,10
34025155025,10
34025247008,8
34025247003,8
34025240004,10
34025245004,8
34025240001,10
34025172002,10
34025030002,10
34025172004,8
34025015003,10
34025035005,10
34025030001,10
34025040004,10
34025040003,10
34025040002,10
34025015004,10
34025170003,10
34025125010,8
34025265005,8
34025265004,8
34025125004,10
34025265003,8
34025125003,10
34025125007,10
34025125006,10
34025125009,10
34025115007,10
34025190002,10
34025125014,8
34025190005,10
34025190003,10
34025125013,8
34025125017,10
34025125015,10
34025125005,10
34025125011,10
34025125016,10
34025185009,10
34013010108,5
34013010314,5
34013010107,5
34013065406,3
34013065403,3
34013040001,3
34013065303,3
34039080019,9
34039080018,9
34039080023,11
34039080017,9
34023025001,11
34023025066,11
34039010101,9
34039080021,9
34039080015,7
34023025050,12
34013040002,3
34013010104,5
34013040008,5
34013010103,5
34013010109,5
34013010110,5
34013010102,5
34013010105,5
34013010111,5
34013010112,5
34013065401,3
34013040004,5
34013065206,3
34013010207,5
34013010210,5
34013010202,3
34013010201,3
34013010203,3
34013100006,1
34013100011,1
34013100008,1
34013100009,1
34013065208,3
34013065106,3
34013065103,3
34013065105,3
34013065108,3
34013065104,3
34013010205,3
34013010204,3
34013065107,3
34013065109,3
34031010120,3
34013025003,3
34031010112,3
34031010113,3
34025003006,10
34025003007,10
34039060203,7
34023025047,12
34023025057,12
34023025063,12
34023025074,12
34023025018,12
34023025016,12
34039060209,9
34039060206,9
34039060210,7
34039060208,7
34039060211,5
34039080020,11
34039060207,9
34039060105,7
34039060107,5
34023110003,12
34039060304,11
34039060103,9
34039060204,9
34039060102,7
34039060104,7
34025082002,10
34025082009,10
34025110004,10
34025082004,10
34013030510,7
34013050005,1
34013050009,1
34025110002,10
34025110006,10
34025082016,10
34025110003,10
34023077105,10
34023077101,10
34013070C17,11
34013070C15,11
34013070C32,12
34013070C03,12
34013070W09,11
34013070C39,11
34013070W10,9
34013030501,7
34013070W06,11
34013070W07,11
34013030404,9
34013030403,9
34013030402,7
34013070C20,11
34013070W47,12
34013070W17,11
34013070W13,12
34025110005,10
34023095005,12
34023025010,12
34023025051,12
34023125203,12
34023125205,10
34023125211,10
34023125212,10
34013070C23,11
34013070C22,12
34013070C42,12
34013070C06,11
34025082006,10
34025082015,10
34025082008,10
34013070C09,12
34013070C12,11
34013070S25,11
34013070C07,11
34013070C08,11
34013045E04,7
34013045E05,9
34013045E09,9
34013070S03,11
34013070S47,11
34023110004,12
34013070S48,11
34013070S27,12
34013070S49,11
34035070003,11
34025155046,10
34025155017,10
34025250003,10
34025250004,10
34025250005,10
34025250001,10
34025082001,10
34039020502,12
34017005109,10
34039020501,12
34013070E03,12
34039095028,11
34039095042,11
34013010301,5
34013010306,5
34013010313,5
34013010311,7
34013010312,5
34039020503,12
34039020601,12
34039020404,12
34039002067,12
34039002048,12
34039020109,12
34039020106,12
34039020101,12
34039020103,12
34039002010,12
34039020603,12
34039002068,12
34039020207,10
34039045804,12
34039045502,10
34039070104,12
34039070102,11
34039070101,11
34039020308,12
34039020309,12
34039020310,12
34039045601,10
34039045803,10
34039045504,12
34039045503,12
34013095008,5
34013027S04,5
34013110108,3
34039045403,10
34039045402,12
34039070303,9
34039010102,9
34039010103,9
34039080016,9
34039100403,7
34039100404,9
34039070403,7
34039070401,7
34039075401,7
34039075501,7
34039045102,11
34039045903,11
34039070504,11
34039045904,9
34039046002,11
34039046905,11
34039045902,9
34039045901,9
34039070502,9
34039046003,9
34039046004,9
34039046001,9
34039015027,9
34039095036,7
34039095030,5
34039095025,7
34039010301,9
34039015010,9
34039010302,9
34039010201,9
34039015011,7
34039015005,7
34039105001,9
34039105002,9
34039015026,7
34039015023,7
34039015028,5
34039015007,7
34039015020,7
34039015025,9
34039015015,7
34039015004,9
34039015014,11
34039015002,9
34039015006,9
34039010202,11
34039100305,9
34039100307,9
34031010111,3
34031010116,3
34031010118,3
34031010115,3
34031010117,3
34013010211,3
34013010209,3
34013010208,5
34031010102,5
34003160010,7
34003280001,5
34017005208,11
34017005304,11
34017005310,11
34013070E29,11
34013070E12,11
34013070C04,11
34013070C05,11
34013070C41,11
34013005206,7
34013080101,5
34013010206,3
34013080107,5
34013005304,7
34039010204,9
34039010203,11
34039010404,9
34039010402,11
34039010401,11
34039065304,11
34039065302,11
34039065303,11
34039065604,11
34039065602,11
34013010106,5
34013005101,7
34013005102,5
34013005103,5
34013070N17,7
34013070N03,7
34013070N48,7
34013070N49,7
34013070N05,7
34013070N08,7
34013070N37,9
34013070N27,7
34013070N28,7
34013070N02,7
34013070N26,7
34013070N01,7
34039010304,9
34039010403,11
34039065603,11
34039010303,9
34023125102,12
34023125302,12
34023125310,12
34023125109,12
34023125114,12
34023125309,12
34017030D26,9
34017030D25,9
34017030D27,9
34017030D22,9
34013070C37,11
34013070W46,9
34013070N38,9
34013070C44,11
34013070C43,11
34013070E08,11
34013070E17,11
34013070E18,11
34013070E01,11
34013070C01,11
34013070C40,11
34039020508,12
34039020509,12
34039020403,12
34013010310,5
34013030104,5
34013010305,5
34023125511,9
34023125507,9
34039100306,7
34039030002,7
34039065201,11
34039065203,11
34039065204,11
34039065104,11
34039065202,11
34039065401,11
34039065103,11
34039065102,11
34039100405,9
34039100304,9
34039100303,7
34039100204,5
34039100202,7
34039100206,7
34039100205,5
34039045203,11
34039045202,11
34039045603,12
34039100201,5
34039100302,7
34039100301,7
34039050002,3
34039085014,3
34039100401,7
34039100402,7
34039100101,7
34039080009,5
34039100103,5
34039100105,5
34039080014,9
34039080012,9
34039080011,7
34039025003,7
34039025006,7
34039025007,5
34039080010,5
34039080013,9
34027020004,3
34027055004,1
34027055001,1
34039025004,7
34039025005,7
34013010309,7
34013010304,5
34013010308,5
34039010104,9
34039025002,5
34039080003,5
34039025001,5
34039060101,5
34039080002,5
34039060108,5
34039080001,5
34039005001,3
34039060106,11
34039045703,12
34039045602,12
34039070503,9
34039070501,9
34039070304,11
34013030505,7
34013030507,7
34039045702,12
34023005002,10
34035070010,9
34023080404,10
34023080406,10
34023080402,12
34023080403,10
34023080405,10
34023080104,10
34023080103,10
34023080604,12
34023080611,12
34023080101,10
34023080201,10
34023125104,12
34023125105,12
34023125209,12
34023125411,12
34023125401,12
34023125215,12
34023125107,12
34023125208,12
34023125213,12
34023125204,12
34023125407,12
34023080609,12
34023080614,12
34023125214,12
34023125206,10
34023095022,10
34023100302,10
34023100103,10
34023100203,10
34023100101,12
34023077304,10
34023077107,10
34023095031,10
34023095034,10
34023095012,12
34023095016,12
34023095026,12
34023095014,12
34023077108,10
34023077106,10
34023077402,10
34023077305,10
34023077201,10
34023035001,12
34023075008,10
34023070106,12
34023020005,10
34023070104,12
34023035002,12
34023035003,12
34023035004,12
34023035009,12
34023035005,12
34023035012,12
34023035006,12
34023020035,10
34023020029,12
34023020009,10
34023125508,9
34023125509,11
34023125113,10
34023125304,12
34023125301,12
34023125405,12
34023125406,12
34023125402,12
34023125413,12
34023125404,12
34023125514,12
34023125512,11
34023125504,12
34023125510,11
34023025067,11
34023125516,12
34023125518,12
34023125506,11
34023125410,12
34023125515,12
34023020013,10
34023070105,10
34023025038,12
34023025021,10
34023025023,12
34023025022,12
34023025037,10
34023025020,12
34023025033,11
34023025070,11
34023025065,11
34023125408,12
34023025042,12
34023025045,12
34023125207,10
34023025036,12
34023050006,12
34023025061,12
34023025041,12
34023050004,12
34023050005,12
34023025008,12
34023025009,10
34023025011,12
34039065301,11
34039065405,12
34023050001,12
34023025004,12
34023025035,12
34023050003,12
34023077503,10
34023077502,10
34023077501,10
34023077504,10
34023077607,10
34023077601,10
34023095015,10
34023115014,12
34023115013,10
34023125513,11
34023025014,12
34023025013,12
34023050009,12
34023080202,10
34023080302,10
34023080301,10
34023080501,10
34023080502,10
34023080601,10
34023025019,12
34023025029,12
34023025025,12
34023025024,12
34023025052,12
34023025055,12
34023095007,12
34023095002,12
34023095003,10
34023095018,12
34023095023,12
34023025028,12
34023025059,12
34023025039,12
34023095004,10
34023095032,10
34023095027,10
34023095011,10
34023035010,12
34023035011,12
34023025049,12
34023025026,12
34023025060,12
34023025048,12
34023025056,12
34023020021,10
34023020006,10
34023020016,10
34023020028,10
34023020002,10
34023115008,10
34023115011,10
34023115012,10
34023115009,10
34023115002,12
34023095009,12
34023115001,12
34023020020,10
34023020022,10
34023020001,10
34023020025,10
34023020026,10
34023115007,12
34023120003,10
34023020040,10
34023020037,10
34023020030,10
34023020012,10
34023115003,12
34023020017,10
34023020007,10
34023020024,10
34023020008,10
34023060005,10
34023115006,10
34023115005,10
34023020033,12
34023020018,10
34023077604,10
34023077603,10
34023095001,10
34023095029,12
34023050012,12
34023050011,12
34023025030,11
34023025034,12
34023025062,12
34023050008,12
34023050010,12
34023110010,12
34023110011,12
34023025058,12
34023025076,12
34023025073,12
34023125412,12
34023125403,12
34023125414,12
34023025017,12
34023110002,12
34023110008,12
34023110013,11
34023110009,12
34023110012,12
34023025068,11
34039060305,11
34039060301,9
34039060302,11
34039060201,9
34023085408,12
34023125505,12
34023025002,11
34023025078,12
34023025069,12
34023025032,12
34023025054,11
34023025044,11
34023025040,12
34023025006,12
34023025007,12
34023025064,11
34023025015,12
34039060303,11
34023025043,11
34023025075,12
34023110001,11
34039060308,11
34023110005,12
34039060309,11
34039060205,11
34039060202,11
34023050002,12
34023050013,12
34023050007,12
34023025053,10
34023025046,12
34023025072,11
34025145003,10
34025145001,10
34025145005,10
34025145006,10
34025145007,10
34025003002,10
34025145002,10
34025003004,10
34023077203,10
34025003008,10
34025110001,10
34025003003,10
34025082014,10
34023077102,10
34023077104,10
34023077103,10
34023095008,10
34023100303,10
34023095025,10
34023100102,12
34023077302,10
34023095024,12
34023095013,10
34023077206,10
34023100201,10
34023095019,10
34023077303,10
34023095021,10
34023095020,10
34023095017,10
34023100301,10
34025082013,10
34023005015,12
34023005016,10
34023005018,10
34023005017,12
34023005011,10
34023125307,10
34023125108,12
34023125409,12
34023125111,12
34023125305,12
34039065601,11
34039065403,12
34039065504,11
34039065501,11
34039065404,11
34023125311,12
34023125306,12
34023005019,12
34023125308,12
34023080503,10
34023080613,12
34023125112,12
34023125103,12
34023125106,10
34023125115,10
34023125303,12
34023125210,10
34039065101,11
34023125101,12
34023125110,10
34023005004,10
34023005003,10
34023125503,12
34023125502,12
34023125501,12
34023005007,12
34023005008,10
34023125312,12
34023080603,10
34023080612,10
34023080605,12
34023080607,10
34023125202,10
34023080602,10
34023080401,10
34023080606,10
34023080610,10
34023080102,10
34023080608,10
34023125517,12
34023125313,12
34039065503,11
34039065502,11
34023005006,10
34023005010,12
34023005005,10
34023005013,10
34023005001,10
34023005012,12
34023005014,12
34039085013,3
34039085007,3
34039085009,3
34039085008,3
34039085006,3
34039085005,3
34039090201,3
34013060009,3
34039085004,3
34013060008,3
34013060011,3
34039015024,5
34039050001,5
34039050007,5
34039050008,3
34039050009,3
34039085003,3
34039085002,3
34039095024,5
34039085001,3
34013060015,3
34013060013,3
34013060004,3
34013060014,3
34013060003,3
34027020002,3
34039090202,3
34039090203,3
34039090103,3
34013055002,3
34013060012,3
34013110414,3
34013110402,3
34039095010,7
34039095009,5
34039095011,7
34013060001,3
34013060007,3
34027085011,3
34027085006,3
34039030003,7
34039030001,7
34039030004,7
34039015022,7
34039015017,7
34027085004,3
34027085002,1
34027085010,1
34027055007,1
34027055003,1
34013027W03,5
34013027E04,5
34013027E05,5
34027055002,1
34013027E02,5
34013027W05,5
34013027N03,3
34013027N04,3
34013027E01,3
34013027N02,3
34027055009,1
34027055008,1
34013050011,1
34013060006,3
34013060002,3
34013055007,5
34013030207,5
34039095013,9
34039095032,9
34039095002,9
34039095001,11
34039095026,11
34039095004,11
34013027S05,5
34013027S01,5
34013027W06,5
34013095010,5
34013095002,5
34013027S02,5
34013070W39,5
34013027W04,5
34013045N05,5
34013045N04,5
34013070W31,5
34013070W30,5
34013045N06,7
34013045N07,5
34013045N08,7
34013110107,3
34013110104,3
34013110201,3
34013110106,3
34013110204,3
34013050022,1
34013050026,1
34013050019,1
34013050015,1
34027085009,3
34027085005,3
34027085013,3
34027085001,3
34013095009,5
34013095006,3
34013030302,5
34013030309,5
34013030314,5
34013030312,5
34013070W41,5
34013030310,5
34013030311,5
34013030304,5
34013030306,5
34013070W24,5
34013030303,5
34013030305,5
34013030211,5
34039035301,12
34039035404,12
34039035203,12
34013070S45,12
34013070S46,12
34013070S38,12
34039015009,5
34039040005,7
34039040001,5
34039040006,7
34039085011,5
34039085010,3
34013037001,1
34013050004,1
34013050003,1
34013050025,1
34039015019,5
34039015016,5
34039015018,5
34013050012,1
34013050002,1
34013050001,1
34027085008,3
34027025004,3
34027085012,3
34027085007,1
34013090103,1
34027050001,1
34013090102,1
34013090106,1
34027145027,1
34027050003,1
34027020007,3
34027020005,3
34027020009,3
34013105009,1
34013105006,1
34013105004,1
34027020003,3
34013110415,1
34013110401,1
34013110403,1
34013100005,1
34027050004,1
34013110202,3
34013110203,3
34013110301,3
34013110303,3
34013065301,3
34013065302,3
34013065308,3
34013100010,3
34013065210,3
34013030212,5
34013030202,5
34013030201,5
34013030204,5
34013030203,5
34013030313,5
34013070W21,7
34013030412,7
34013030410,7
34013030210,5
34013030401,7
34013070W20,7
34013030405,7
34013030407,5
34013070S01,11
34013070C28,11
34039015029,9
34039015001,7
34013030109,5
34013030105,5
34013030111,5
34013030102,5
34013030110,5
34013030106,5
34013030504,7
34013030503,7
34013040003,5
34013040005,5
34013010302,5
34013030506,5
34013030508,5
34013030512,7
34013030509,7
34013095011,5
34013095003,3
34013095007,3
34013110101,3
34013030406,7
34013030409,7
34039090213,3
34039090205,3
34039090212,3
34039100203,5
34039085012,3
34013050018,3
34013050014,3
34013050008,1
34013050013,1
34013050021,1
34013050024,1
34013110405,3
34013110412,3
34013110413,1
34013050006,1
34013050007,1
34013050020,1
34013090104,1
34013090105,1
34013090101,1
34013035001,1
34013035002,1
34013110406,3
34013110407,1
34013110416,3
34013110109,3
34039090211,3
34039090210,3
34039090209,3
34039090204,3
34039090208,3
34039090112,3
34039100104,5
34039100106,5
34039080008,5
34039080007,5
34039050003,5
34039050004,5
34039100102,5
34039050005,3
34039090207,3
34039090206,3
34027020006,3
34027020008,3
34039090102,3
34039050006,5
34039055002,3
34039055001,3
34039055003,3
34027025010,3
34027025005,3
34027025006,3
34039055009,3
34039055006,3
34039090101,3
34039090105,3
34039055011,3
34027020001,3
34039090110,3
34039090109,3
34039090108,3
34039080005,5
34039080006,5
34039005007,3
34039080004,5
34039090111,3
34039100107,5
34039090106,3
34039090104,3
34039090107,3
34027055005,1
34027050008,1
34027145036,1
34013050016,1
34027050002,1
34027145035,1
34039095012,11
34039035103,12
34039035401,12
34039035201,12
34039020303,12
34039020306,12
34039020313,12
34039020304,12
34039075102,9
34039075101,11
34039040004,7
34039075502,7
34039040003,7
34013070S02,11
34013070S28,12
34013070S29,12
34039095023,7
34039035303,12
34039020206,10
34039020204,10
34039095021,11
34039095017,12
34039095034,11
34039020301,12
34039020302,12
34039095046,11
34039070204,11
34039070202,9
34039070203,11
34039070103,11
34013095012,5
34013070W38,5
34039095045,5
34039095020,5
34039070201,9
34039070301,9
34013055022,5
34013070W35,5
34013070W45,5
34013055010,5
34013070W34,5
34013095001,5
34013070W36,5
34039045401,11
34013055011,5
34013055013,7
34013055003,5
34013055004,5
34013055008,3
34013055001,5
34013055015,5
34013055020,5
34013055016,5
34013055012,5
34013055021,7
34013045W08,9
34013095004,5
34013095013,3
34039095043,5
34039095019,5
34039095029,5
34039095027,9
34039095005,7
34039095040,9
34039095018,11
34039095039,5
34039095014,9
34039095015,7
34039095022,7
34039075301,9
34039070302,9
34039035302,12
34039035402,12
34039035403,12
34013055019,5
34039095037,9
34039095050,7
34013045S01,7
34013045S05,9
34013045S02,9
34013045E01,7
34013045E02,7
34013045E03,7
34039015012,7
34039015030,7
34039095033,11
34039095047,7
34039095003,9
34039095035,9
34039035202,12
34039035102,11
34013070S44,12
34013070S42,11
34013045S03,11
34013045N03,7
34039035101,12
34013045S08,11
34039095006,7
34039095007,5
34039095038,5
34039095008,5
34039095044,5
34039075201,11
34039075202,11
34039095031,9
34013045W07,9
34013045W03,7
34013045W02,7
34013055014,5
34013045W04,5
34013045N01,5
34013045S07,11
34013045W09,9
34039020401,12
34039020505,12
34039020504,10
34039020506,12
34039040002,5
34039095048,5
34039020406,12
34039020405,12
34039002065,12
34039020312,12
34039002037,12
34039020203,12
34039020201,12
34039015003,7
34039015013,7
34039015021,7
34039015008,7
34039075402,7
34039070402,7
34039075302,9
34039095016,7
34013055009,5
34013055005,5
34039009541,5
34039095049,5
34013055017,3
34013055006,5
34013060010,3
34039020607,12
34039020606,12
34039045501,10
34039023811,12
34039020305,12
34039020402,12
34039002047,12
34039020511,12
34039002049,12
34039020410,12
34039020205,12
34039020202,12
34039002028,12
34039002211,10
34039020510,12
34039020209,12
34039020602,12
34039002064,12
34013045N09,7
34013045N10,7
34013070W26,5
34013070W27,5
34013070W25,7
34013070W29,5
34013070W22,7
34013070S22,11
34013070S21,11
34013070S23,12
34013070S20,11
34013070W23,7
34013070W32,5
34013070W33,5
34013070S30,12
34013070S39,12
34013070S36,12
34013070S35,12
34013070S24,11
34013070S41,12
34013045S11,9
34013045S10,11
34013045N02,5
34013045W06,7
34013045W01,9
34013070S19,11
34013070S17,12
34013070S15,12
34013070S16,11
34013070S18,11
34013070S04,11
34013070S12,11
34013070S11,11
34013070S10,12
34013045S09,9
34013045E08,7
34013070W48,11
34013070W19,9
34013070W49,9
34013070W15,11
34013070S40,12
34013070S34,12
34013070W40,5
34013030301,5
34013070W37,5
34013070W28,5
34013070S13,12
34013070S08,12
34013070S32,12
34013070S37,12
34013100002,1
34013065307,3
34013065102,3
34013025004,1
34013065203,3
34013100003,3
34013110503,3
34013110504,3
34013065304,3
34013110205,3
34013030101,5
34013027N05,3
34013110501,3
34013110505,3
34013110502,3
34013110408,1
34013110410,3
34013065202,3
34013065204,3
34013065205,3
34013065209,3
34013025005,1
34013065101,3
34013050023,1
34013075003,1
34013075004,1
34013110411,1
34013075001,3
34013105008,1
34013100007,1
34013100004,1
34013025009,1
34013015001,1
34013105002,1
34013105007,1
34013105001,1
34013015007,1
34013015002,1
34013025007,3
34013110404,1
34013025010,1
34013100001,3
34013025006,1
34013015005,1
34013015004,1
34013015006,1
34013015003,1
34013110409,1
34013105003,1
34013105005,1
34013065305,3
34013065404,3
34013065405,3
34013110302,3
34013040007,3
34013030103,5
34013010307,5
34013030513,5
34013030107,5
34025155009,10
34025085004,10
34025155006,10
34025250002,10
34025082010,10
34025082003,10
34025082012,10
34025105003,10
34025105001,10
34025155015,10
34025155026,10
34025155016,10
34025155021,10
34025155013,10
34025155033,10
34025155037,10
34025090010,8
34025090008,8
34017045201,9
34017040501,9
34017040506,9
34017040505,7
34017040405,7
34017030F27,11
34017030F26,11
34017030F29,11
34017030C10,11
34017030F06,11
34017051001,9
34017040602,9
34017060202,9
34017040502,9
34017045203,7
34017045204,7
34017045205,9
34017030C12,9
34017030C08,9
34017030C25,9
34017030B26,9
34003150001,7
34003185003,7
34003185002,7
34003150002,7
34003150003,11
34003310001,9
34017010002,11
34017020101,11
34017010001,11
34017035101,9
34013070C47,9
34013070N25,9
34013070N19,7
34003250006,11
34003250005,9
34003250008,11
34003115103,7
34013070N20,7
34017020102,9
34017050503,9
34017055104,9
34017050701,9
34017055103,11
34017055101,12
34017055102,11
34017055201,12
34017030F12,11
34017030F11,11
34017030F10,11
34017030F09,11
34017030F08,11
34017030B15,9
34017030D23,9
34017045103,7
34017030C28,9
34017035406,7
34017035309,7
34017035407,7
34017035404,7
34017035402,9
34017035305,7
34017035304,7
34003125009,9
34017050603,9
34017040701,9
34017050801,9
34017040605,9
34017050501,9
34017050502,9
34017035301,7
34003195002,7
34003195001,9
34003195004,7
34017035103,11
34017035104,9
34017035106,7
34017030A21,11
34017030A22,11
34017030A32,11
34017030F03,11
34017030A26,11
34017030F23,11
34017030A31,11
34017030E06,11
34017030E02,11
34017030F28,11
34017030E11,11
34017030E12,11
34017030E10,11
34017030E19,11
34003195005,7
34003195006,7
34017035403,9
34017030C29,9
34017030C02,9
34017030C14,9
34017030C23,9
34017030C24,9
34017030D24,9
34017030C01,9
34017030C31,9
34013070N10,7
34017035202,9
34017030A34,12
34017005308,12
34017030A05,11
34017030A06,11
34017030A02,11
34017050601,9
34017050602,9
34017050303,9
34017050304,11
34013070C46,9
34013070N21,7
34013070N22,7
34013070N23,9
34013070N18,7
34017055202,11
34017055203,11
34017050704,9
34017050703,9
34017050906,11
34017050901,11
34017045104,9
34017050402,9
34017050403,9
34017030A19,11
34017005212,12
34017030A18,11
34017030E23,12
34017030E22,12
34017030C15,11
34017030C04,9
34017030C16,11
34017030C03,9
34017030E20,12
34017030C17,11
34017030C19,9
34017030C30,9
34017035204,9
34017035107,9
34017035105,9
34017035205,9
34017035201,7
34017035307,7
34017045102,9
34017040705,9
34017040702,9
34017050401,9
34017050305,11
34017025102,12
34017025602,12
34017025202,12
34017025206,12
34013070E06,11
34017030D21,9
34017030D19,9
34017030D20,9
34017030C18,9
34017030D03,9
34017030D01,9
34017030D17,9
34017030D05,9
34003125004,7
34003125005,9
34003185001,7
34017025501,11
34017025505,11
34017025504,11
34017025503,11
34017025502,11
34017025201,11
34017025507,11
34017025203,11
34017005105,10
34017005116,12
34017005216,12
34003280003,5
34003280011,5
34003280002,5
34017045202,7
34017045101,9
34017045105,9
34017050301,9
34017050106,9
34017050103,9
34017050105,9
34017050302,9
34017045303,9
34017045304,7
34013070N12,7
34013070N15,7
34017035308,7
34013070N13,7
34013070N11,7
34013070N09,7
34003125002,9
34003125003,7
34017045301,9
34017045302,9
34013070N07,5
34013070N14,7
34013005106,5
34013005208,5
34013070N16,7
34017030C21,9
34017030C22,9
34017030C07,9
34003160001,7
34003280009,7
34013080201,5
34017035306,7
34003280007,7
34017050203,9
34017050202,9
34017025405,11
34017025106,11
34003030006,9
34003245003,7
34003030007,9
34017040704,9
34017040703,9
34017050201,9
34017050101,9
34017050104,9
34017055302,12
34017060102,12
34017050902,9
34017060201,9
34017050903,9
34017030D28,9
34017030D16,9
34017030D13,9
34017030D15,9
34017030D14,9
34017030D12,9
34017030D02,9
34017025403,11
34017025402,9
34017025406,11
34017025407,11
34017025404,11
34017030D07,11
34017025304,11
34017030D18,9
34003155004,7
34003155005,7
34003155006,7
34017030A08,11
34017030A10,11
34017030A07,11
34017030A14,11
34017030A11,11
34017030B02,11
34017030B03,9
34017030B04,9
34017030F14,11
34017030F13,11
34017005319,11
34017005314,11
34017005307,12
34017005312,12
34017005306,12
34017005305,11
34017005311,11
34017005301,12
34017005309,12
34017005211,12
34017005215,12
34017005209,11
34017005303,11
34017005213,12
34017005210,11
34017005214,12
34017005207,11
34017005203,12
34017005201,10
34017005204,12
34017005205,12
34017005206,11
34017030A13,11
34017030A15,11
34017030A16,11
34017030A12,11
34017030A17,11
34017005113,12
34017005202,12
34017005115,12
34017005104,12
34017005107,12
34017005114,12
34017005112,12
34017030F18,11
34017030B12,11
34017030F04,11
34017030F05,11
34017030F15,11
34017030F16,11
34017030B09,11
34017030B33,11
34017030B32,11
34017030B30,11
34017030B27,11
34013070E07,11
34013070E04,11
34017020203,11
34017030A30,11
34017030A04,11
34017030A03,11
34017030A01,11
34017030A23,11
34017030A20,11
34017030A24,11
34017005102,12
34017005103,12
34017005101,10
34017005108,10
34017005110,10
34017005111,12
34017005106,12
34013070E02,11
34013070E30,11
34017020201,11
34017020403,9
34017020301,11
34017020401,11
34017020302,11
34013070E16,11
34013070E21,11
34013070E14,11
34013070E15,11
34017020402,11
34017020303,11
34017020202,11
34013070E19,11
34013070E20,11
34013070C38,11
34017005302,12
34017005316,12
34017005317,11
34017005315,11
34017005318,11
34017005313,11
34017030F19,11
34017030F20,11
34017030F21,11
34017030B31,11
34017030B11,11
34017030B29,11
34017030B28,11
34017030B13,11
34017030B21,11
34017030B25,9
34017030B14,11
34017030F22,11
34017030B10,11
34017030B16,11
34017030F24,11
34017030F25,11
34017030A27,11
34017030A29,11
34017030F17,11
34017030A25,11
34017030A28,11
34017030C13,9
34017030F07,11
34017030B17,11
34017030B19,11
34017030B24,9
34017030B18,11
34017030B23,11
34017030B20,11
34017030B22,11
34017030B01,11
34017030B05,11
34003060003,7
34003060002,7
34003325004,7
34003325001,7
34003325002,7
34031035101,5
34031035102,5
34003325005,7
34003280006,7
34003280005,7
34003060004,7
34031035201,7
34031035402,5
34003280004,7
34003280012,5
34003280008,5
34003280010,5
34003160008,7
34003160009,7
34003025004,7
34003025003,7
34003025005,7
34003160006,7
34003160003,7
34031010307,3
34003345003,7
34003345005,7
34003345001,9
34031035103,5
34031035104,5
34031010402,3
34031010403,5
34031035404,5
34031035405,5
34031035407,5
34031035406,5
34031035403,5
34003105102,5
34003105203,7
34031035401,5
34031010506,3
34031010505,3
34031035301,7
34031035202,7
34031035203,5
34031035308,5
34031035310,7
34031035307,5
34031035309,7
34031035302,7
34031010108,7
34031010106,3
34013080104,5
34013080105,7
34013080106,5
34013080202,7
34013080203,7
34013080103,5
34013080205,7
34013080204,5
34031010109,5
34031010110,3
34003160011,7
34003160005,7
34003160014,7
34003160007,7
34003160013,7
34003160012,7
34003195007,7
34003195008,7
34013080305,5
34013080303,7
34013080304,5
34013080306,7
34013005207,5
34013005204,7
34013005203,5
34013005403,7
34013005402,7
34013005201,7
34013005405,5
34003345004,9
34003160002,7
34013005104,5
34013070N04,7
34013005202,7
34013080307,5
34013080102,5
34013070N06,5
34013005105,5
34013005306,5
34013005301,7
34013005302,7
34013005305,7
34013005406,7
34013005303,7
34017035303,7
34013005404,7
34003160015,7
34013080302,5
34013080301,5
34013005401,7
34003195003,7
34013005205,5
34017035302,7
34031010104,3
34031035304,5
34031035305,5
34031010504,3
34031010502,3
34031010201,3
34031010503,3
34031010303,3
34031010107,3
34031010105,3
34031035306,5
34031035207,5
34031035208,5
34031035209,3
34031010501,3
34031010302,3
34031010122,3
34031035204,5
34031035303,7
34031010103,3
34031010119,3
34031010101,3
34031010305,3
34003325006,7
34003155003,7
34003105303,7
34003155002,9
34003155007,7
34003345002,7
34003125001,9
34003155008,7
34017030E05,11
34017030E16,11
34017030E21,12
34017030E08,12
34017030E01,12
34017030E15,12
34017025306,11
34017025307,11
34017025604,11
34017025605,11
34017025603,11
34017025101,12
34017025606,11
34017025103,11
34017030E04,11
34017030E03,11
34017030E14,11
34017030E07,11
34017030E13,11
34017030E17,11
34017030E18,11
34017025601,11
34017025607,11
34017025401,11
34017025305,11
34017030D08,9
34017025506,11
34017050107,9
34017050102,9
34017025205,11
34017025204,11
34017030E09,11
34017030D29,9
34017030D06,9
34017030D09,9
34017030D10,9
34017030D11,9
34017030D04,9
34017025105,11
34017025104,11
34017025301,11
34017025302,11
34017025303,11
34003145001,9
34003145003,9
34003020005,9
34003225004,7
34003225003,9
34003245005,7
34003245001,7
34003030012,9
34003030010,11
34003065004,12
34003065001,12
34003030009,11
34003030014,11
34003030015,11
34003095003,11
34003065002,12
34003030013,9
34003095001,9
34003225010,9
34003250002,7
34003245002,7
34003145006,9
34003145004,9
34003145005,9
34003095007,9
34003145002,9
34003095005,11
34003225008,9
34003225007,9
34003095020,11
34003095016,11
34003095015,11
34003095002,9
34003030005,9
34003030008,9
34003030011,9
34003225005,9
34003225009,9
34003095018,9
34003095006,9
34003225002,9
34003225001,9
34003225006,9
34003095011,9
34003065003,12
34003095004,11
34003095017,11
34003095009,11
34003030003,9
34003030004,11
34017015006,12
34017015001,11
34017040102,12
34017040101,11
34017040103,11
34017060302,12
34017060303,12
34017060311,12
34017040503,9
34017040504,9
34003150004,7
34003150005,7
34003150006,11
34017040402,7
34017040401,7
34017040306,9
34003090002,7
34003090005,7
34003090004,9
34003090003,7
34003030002,11
34017040106,11
34003030001,11
34017040105,11
34017040203,9
34017040202,9
34017040201,9
34017040302,9
34017040104,11
34003090001,7
34003090006,9
34017050905,11
34017055204,11
34017055301,11
34017050904,11
34017040205,9
34017040206,9
34017040404,7
34017040301,9
34017040204,9
34017015005,9
34017015004,9
34017040601,9
34017040604,9
34017040603,9
34017050803,9
34017050802,9
34017050702,9
34017060101,9
34017060103,9
34017060104,11
34017060304,11
34017015002,9
34017015003,11
34017060306,11
34017060307,9
34017060309,9
34017060305,11
34017060106,12
34017060109,11
34017060301,11
34017060209,9
34017060207,9
34017060206,9
34017060308,9
34017060203,9
34017060204,9
34017060205,9
34017060105,9
34017040303,9
34017040304,9
34017040305,9
34017051002,9
34017060208,9
34017060108,11
34017060107,12
34017060310,12
34017040403,7
34003250003,7
34003250001,11
34003250007,9
34003020006,7
34003300002,9
34003020002,9
34003300003,11
34003300001,9
34003020004,7
34003020003,7
34003250004,11
34003095008,9
34003095013,11
34003095019,11
34003010001,11
34003130002,7
34003035005,7
34003265004,11
34003215003,11
34003200003,11
34003200001,11
34003200002,11
34003275001,11
34003340001,7
34003235003,9
34003235002,7
34031040402,5
34031040401,5
34031040409,5
34031015006,3
34031015004,3
34031015005,3
34031015001,3
34031040107,3
34031050003,3
34031050004,3
34031050002,3
34031020101,5
34031015003,3
34031030005,5
34031030006,3
34031030003,3
34031030001,5
34003085014,5
34003110006,5
34003110008,5
34003110005,5
34031030002,3
34031030007,3
34031020304,3
34003350004,3
34003350008,3
34031040112,3
34031040106,3
34031040201,3
34031040203,3
34031040111,3
34031040202,3
34031040204,3
34031075008,7
34031075009,9
34003350010,3
34003350005,5
34003350006,3
34003350002,3
34003350007,5
34003100001,7
34003165003,11
34003165013,9
34031040206,3
34031040205,3
34031040108,3
34031070407,1
34003165001,9
34003165012,9
34003165002,9
34003165011,11
34031015002,3
34031030004,3
34031070604,3
34031070309,3
34003240005,5
34003240008,7
34003240003,5
34003165005,7
34003165014,7
34003165004,9
34003350003,5
34003100006,3
34003100004,3
34003100005,3
34003100003,3
34003100002,5
34031055009,7
34031055001,9
34031055006,9
34003340003,7
34003340002,7
34003165006,7
34003165007,7
34003210007,7
34003210008,7
34031055007,11
34003210002,5
34003210001,7
34031040105,3
34031075007,9
34027075006,1
34027155011,1
34027155008,1
34027075005,3
34031055004,9
34031065003,5
34031065004,7
34031065002,7
34031065007,3
34031065005,5
34031065001,5
34003210004,5
34003210005,5
34003210006,5
34031055008,7
34031065008,5
34031065006,5
34027080102,1
34027155010,1
34027155009,1
34031045002,3
34031070105,1
34031070601,3
34003210003,3
34031070605,3
34031045001,3
34031005003,5
34031005004,5
34027165001,3
34031045003,3
34027015001,3
34027165003,3
34031045004,3
34031070603,3
34031070606,3
34027015002,1
34027155006,1
34027155012,1
34027075002,1
34027015004,5
34027015003,3
34027015005,3
34031045005,3
34031045006,3
34031070303,1
34031070305,3
34031070308,1
34027155007,1
34027155005,1
34031070602,3
34031070503,3
34031070401,1
34031070304,1
34031070306,1
34031070307,1
34031070104,1
34031070402,1
34031070302,1
34031070301,1
34031055005,5
34031055002,7
34003220005,5
34003070005,5
34003230012,7
34003335007,7
34003070004,7
34003135003,5
34003335001,5
34003335003,5
34003135002,5
34003135004,5
34003335002,5
34003335004,7
34003330001,7
34003330005,5
34003050011,7
34003130001,7
34003050009,7
34003330006,7
34003330002,7
34003330004,5
34003140002,5
34003290002,7
34003350009,5
34031020402,5
34031020403,5
34003230017,7
34003230018,5
34003230019,5
34003230020,7
34003165010,11
34003290001,7
34003240007,7
34003235001,7
34003135005,7
34003070003,7
34003070002,7
34003265003,9
34003265005,9
34003320005,5
34003255011,5
34003140001,5
34003315004,7
34003120003,9
34003205001,9
34003315001,11
34003340004,9
34003315005,9
34003315003,9
34003135006,7
34003320006,5
34003320004,5
34003230003,7
34003260002,7
34003260001,7
34003230009,7
34003230011,7
34003230008,7
34003230010,7
34003255003,5
34003255001,5
34003205002,9
34003035006,9
34003035002,9
34003005003,5
34003330003,5
34003335008,7
34003230007,7
34003110002,5
34003110001,5
34003230004,7
34003260003,7
34003235006,9
34003235005,9
34003180003,11
34003190009,9
34003190008,9
34003190007,9
34003190006,9
34003230002,7
34003230005,7
34003235004,7
34003180001,9
34003180002,11
34003260007,9
34003170003,9
34003220004,7
34003240001,7
34003240004,7
34003005004,5
34003085005,5
34003085013,5
34003085011,5
34003085007,7
34003085012,5
34003085006,7
34003085001,7
34003085016,5
34003085017,5
34003085010,5
34003085015,5
34003067006,5
34003067007,7
34003255010,5
34003255013,5
34003255018,5
34003255009,5
34003255007,5
34003255002,5
34003255008,5
34003255012,5
34003255017,5
34003255016,5
34003175005,5
34003175003,5
34003255004,5
34003175001,5
34003255014,5
34003140003,5
34003255006,5
34003255005,5
34003110003,5
34003175004,5
34003175002,5
34003110004,5
34003350001,5
34003230013,7
34003230014,7
34031020303,5
34003085021,5
34003085019,5
34003085020,5
34003085022,5
34003085018,5
34031020201,5
34003067005,5
34031040411,5
34031040306,5
34003067004,7
34031040312,5
34031040311,5
34031040103,3
34003085002,7
34031040305,5
34031040408,5
34031040407,5
34031040502,3
34031040503,5
34031040501,5
34031040406,5
34031040403,5
34031040604,3
34031040110,3
34031050001,3
34031020102,5
34031040410,5
34031040304,5
34031040302,5
34031040504,5
34031040405,5
34031040310,5
34031040404,5
34031040308,5
34031040307,5
34031040506,3
34003285010,7
34003255015,5
34003315002,9
34003240002,7
34003240006,9
34003050003,9
34003050008,9
34003050006,7
34003220006,5
34003335005,5
34003220003,7
34003035004,9
34003050007,9
34003050005,9
34003120002,7
34003035003,7
34003190002,7
34003050004,7
34003035001,7
34003045001,7
34003120001,7
34003050002,9
34003015001,9
34003050001,9
34003015002,9
34003015005,9
34003015003,9
34003015007,9
34003015008,9
34003015006,9
34003190005,7
34003040004,9
34003040005,9
34003335006,7
34003265001,7
34003015017,9
34003015004,9
34003305002,9
34003040001,9
34003040006,9
34003015014,9
34003015016,9
34003015015,9
34003305004,9
34003050010,9
34003305007,9
34003305009,9
34003190004,7
34003190003,7
34003015010,9
34003015013,9
34003070006,7
34003070001,7
34003135001,7
34003305006,9
34003305003,9
34003305001,9
34003170002,9
34003170004,7
34013065207,3
34013065306,3
34013065402,3
34013065407,3
34013065408,3
34013070C29,9
34013070C34,9
34013070C35,11
34013070C45,11
34013070C49,11
34013070E09,11
34013070E10,11
34013070E11,11
34013070E13,11
34013070E25,11
34013070N29,7
34013070W43,9
34013070W44,7
34015015002,4
34015015003,4
34015015004,4
34015015007,4
34017030A09,12
34017030A33,11
34017030B06,9
34017030B07,9
34017030B08,9
34017030C05,11
34017030C06,9
34017030C09,9
34017030C11,11
34017030C20,9
34017030C26,9
34017030C27,9
34017030F01,12
34017030F02,11
34017030F30,11
34017030F31,12
34017035102,11
34017035108,9
34017035203,9
34017035206,11
34017035401,9
34017035405,9
34023077109,10
34023077110,10
34023077205,10
34023077301,10
34023077408,10
34025080008,8
34025080022,8
34025080024,8
34025155003,10
34025155004,10
34025155007,10
34025155008,8
34025155024,10
34025155027,10
34025155028,10
34025155029,10
34027095001,5
34027095005,3
34029025103,8
34029025107,8
34029025134,8
34029025205,8
34029025211,8
34029025233,8
34029025235,8
34029025236,8
34029025240,8
34029060001,8
34031070504,3
34031070607,1
34035030014,1
34035050003,2
34035050010,2
34035050031,2
34039045101,11
34039045103,11
34039045201,12
34039045301,12
34039045302,12
34039045303,10
34039045404,10
34039045801,12
34039045802,10
